candidate,horizon,n_rows,MAE_base,MAE_cand,rel_pct,bias_base,bias_cand,RMSE_base,RMSE_cand,p_abs_two_sided,p_sq_two_sided,boot90_rel_lo,boot90_rel_hi,outside_rel_pct,all_rel_pct,n_candidates_logged,n_tests_logged,p_raw,p_bonferroni_logged,p_bonferroni_with_prior_assumed,p_holm_this_table,evidence
global_x0.5,13,8428,0.8864,0.8870,0.0750,-0.1126,-0.1646,1.3046,1.3113,0.8812,0.1531,-0.7635,0.8499,-0.6472,-0.5095,6,18,0.8812,1.0000,1.0000,1.0000,exploratory
global_x1.0,13,8428,0.8864,0.8910,0.5273,-0.1126,-0.2167,1.3046,1.3203,0.6006,0.0914,-1.1553,2.0765,-0.4787,-0.2869,6,18,0.6006,1.0000,1.0000,1.0000,exploratory
seoul_x0.5,13,8428,0.8864,0.8884,0.2275,-0.1126,-0.1484,1.3046,1.3119,0.5275,0.0845,-0.3832,0.7811,0.0000,0.0434,6,18,0.5275,1.0000,1.0000,1.0000,exploratory
seoul_x1.0,13,8428,0.8864,0.8920,0.6406,-0.1126,-0.1842,1.3046,1.3204,0.3762,0.0613,-0.5416,1.7618,0.0000,0.1222,6,18,0.3762,1.0000,1.0000,1.0000,exploratory
seoul_recent156_x0.5,13,8428,0.8864,0.8884,0.2308,-0.1126,-0.1179,1.3046,1.3103,0.6859,0.3327,-0.6385,1.1673,0.0000,0.0440,6,18,0.6859,1.0000,1.0000,1.0000,exploratory
"A_selected (walk-forward, external 2020+)",13,4368,0.9733,0.9733,0.0000,-0.1972,-0.1972,1.3450,1.3450,1.0000,1.0000,0.0000,0.0000,0.0000,0.0000,6,18,1.0000,1.0000,1.0000,1.0000,exploratory
global_x0.5,26,8232,1.9470,1.9624,0.7892,-0.3093,-0.4488,2.6245,2.6510,0.2822,0.1038,-0.4596,1.9698,-1.1435,-0.7937,6,18,0.2822,1.0000,1.0000,1.0000,exploratory
global_x1.0,26,8232,1.9470,1.9877,2.0893,-0.3093,-0.5884,2.6245,2.6869,0.1562,0.0550,-0.3476,4.5005,-1.0886,-0.5135,6,18,0.1562,1.0000,1.0000,1.0000,exploratory
seoul_x0.5,26,8232,1.9470,1.9616,0.7494,-0.3093,-0.3046,2.6245,2.6363,0.1047,0.2476,-0.0652,1.5717,0.0000,0.1356,6,18,0.1047,1.0000,1.0000,1.0000,exploratory
seoul_x1.0,26,8232,1.9470,1.9802,1.7016,-0.3093,-0.3000,2.6245,2.6521,0.0719,0.1826,0.0250,3.3708,0.0000,0.3079,6,18,0.0719,1.0000,1.0000,1.0000,exploratory
seoul_recent156_x0.5,26,8232,1.9470,1.9579,0.5571,-0.3093,-0.2315,2.6245,2.6262,0.7260,0.9683,-1.9228,3.2101,0.0000,0.1008,6,18,0.7260,1.0000,1.0000,1.0000,exploratory
"A_selected (walk-forward, external 2020+)",26,4200,2.1379,2.1799,1.9637,-0.4894,-0.3928,2.8230,2.8742,0.2254,0.2384,-0.2035,4.6028,0.0000,0.2962,6,18,0.2254,1.0000,1.0000,1.0000,exploratory
global_x0.5,52,7896,3.9217,4.0496,3.2615,-1.2429,-1.5760,4.9863,5.1581,0.0739,0.0294,0.5004,5.7420,-0.3932,0.1803,6,18,0.0739,1.0000,1.0000,1.0000,exploratory
global_x1.0,52,7896,3.9217,4.1986,7.0595,-1.2429,-1.9091,4.9863,5.3577,0.0555,0.0219,1.5344,12.1001,0.5763,1.5937,6,18,0.0555,0.9989,1.0000,1.0000,exploratory
seoul_x0.5,52,7896,3.9217,3.9811,1.5139,-1.2429,-0.9078,4.9863,5.0475,0.4835,0.5557,-1.7750,5.1748,0.0000,0.2376,6,18,0.4835,1.0000,1.0000,1.0000,exploratory
seoul_x1.0,52,7896,3.9217,4.0858,4.1851,-1.2429,-0.5727,4.9863,5.1699,0.3328,0.3896,-2.4410,11.6586,0.0000,0.6568,6,18,0.3328,1.0000,1.0000,1.0000,exploratory
seoul_recent156_x0.5,52,7896,3.9217,3.9807,1.5042,-1.2429,-0.6818,4.9863,5.0651,0.7445,0.7358,-5.3095,9.0553,0.0000,0.2360,6,18,0.7445,1.0000,1.0000,1.0000,exploratory
"A_selected (walk-forward, external 2020+)",52,3864,4.4791,4.6227,3.2059,-1.2601,-0.6843,5.6945,5.9288,0.4124,0.3213,-2.5753,9.9304,0.0000,0.4274,6,18,0.4124,1.0000,1.0000,1.0000,exploratory
global_x0.5,78,7560,6.1509,6.4760,5.2851,-2.1391,-2.7127,7.8032,8.1869,0.0351,0.0387,1.4493,8.5139,-0.1419,0.6896,6,18,0.0351,0.6319,1.0000,1.0000,exploratory
global_x1.0,78,7560,6.1509,6.8242,10.9464,-2.1391,-3.2863,7.8032,8.6125,0.0308,0.0333,3.1919,17.5243,0.9298,2.4646,6,18,0.0308,0.5541,1.0000,0.9235,exploratory
seoul_x0.5,78,7560,6.1509,6.2471,1.5632,-2.1391,-1.6442,7.8032,7.9142,0.5394,0.6102,-2.1649,6.0633,0.0000,0.2395,6,18,0.5394,1.0000,1.0000,1.0000,exploratory
seoul_x1.0,78,7560,6.1509,6.4003,4.0551,-2.1391,-1.1493,7.8032,8.1135,0.4385,0.4955,-3.7044,13.3782,0.0000,0.6213,6,18,0.4385,1.0000,1.0000,1.0000,exploratory
seoul_recent156_x0.5,78,7560,6.1509,6.5069,5.7879,-2.1391,-1.1306,7.8032,8.3200,0.3258,0.3113,-2.6279,16.2677,0.0000,0.8868,6,18,0.3258,1.0000,1.0000,1.0000,exploratory
"A_selected (walk-forward, external 2020+)",78,3528,7.3681,7.3681,0.0000,-1.2698,-1.2698,9.0745,9.0745,1.0000,1.0000,0.0000,0.0000,0.0000,0.0000,6,18,1.0000,1.0000,1.0000,1.0000,exploratory
global_x0.5,104,7224,7.9335,8.4067,5.9651,-2.6086,-3.5084,10.1140,10.6881,0.1002,0.1362,0.1783,10.6267,0.1554,0.9795,6,18,0.1002,1.0000,1.0000,1.0000,exploratory
global_x1.0,104,7224,7.9335,8.9254,12.5035,-2.6086,-4.4082,10.1140,11.3437,0.0887,0.1179,0.8769,22.0527,1.4416,3.0107,6,18,0.0887,1.0000,1.0000,1.0000,exploratory
seoul_x0.5,104,7224,7.9335,8.1045,2.1559,-2.6086,-1.9346,10.1140,10.3068,0.4399,0.5133,-1.9916,6.9016,0.0000,0.3058,6,18,0.4399,1.0000,1.0000,1.0000,exploratory
seoul_x1.0,104,7224,7.9335,8.3586,5.3581,-2.6086,-1.2606,10.1140,10.6149,0.3578,0.4258,-3.0264,15.3320,0.0000,0.7600,6,18,0.3578,1.0000,1.0000,1.0000,exploratory
seoul_recent156_x0.5,104,7224,7.9335,8.6339,8.8289,-2.6086,-1.0617,10.1140,10.9488,0.2184,0.2713,-1.2246,21.4968,0.0000,1.2524,6,18,0.2184,1.0000,1.0000,1.0000,exploratory
"A_selected (walk-forward, external 2020+)",104,3192,8.8766,8.8766,0.0000,0.5570,0.5570,10.8558,10.8558,1.0000,1.0000,0.0000,0.0000,0.0000,0.0000,6,18,1.0000,1.0000,1.0000,1.0000,exploratory
