candidate,horizon,group,n,origins,MAE_base,MAE_cand,MAE_simple_base,MAE_simple_cand,rel_pct,RMSE_base,RMSE_cand,bias_base,bias_cand,p_abs,p_sq,boot90_rel_lo,boot90_rel_hi,rel_2014-2019,rel_2020-2021,rel_2022-2023,rel_2024+,n_candidates_logged,n_tests_logged,p_raw,p_bonferroni_logged,p_bonferroni_with_prior_assumed,p_holm_this_table,evidence
P_demo,52,서울 28,7896,282,3.9217,3.9246,4.1507,4.1476,0.0731,4.9863,4.9984,-1.2429,-1.5951,0.9767,0.8999,-4.2911,3.9387,-2.8944,5.4038,1.5358,-1.0958,31,111,0.9767,1.0000,1.0000,1.0000,exploratory
P_demo,52,서울시 지수,282,282,3.7365,3.7351,3.9351,3.9265,-0.0359,4.5799,4.6309,-1.3373,-1.6838,0.9898,0.6473,-5.2154,4.2801,-2.4991,4.6419,2.2843,-5.0211,31,111,0.9898,1.0000,1.0000,1.0000,exploratory
P_demo,52,서울 25개 구,7050,282,3.9397,3.9444,4.1718,4.1705,0.1195,5.0236,5.0336,-1.2348,-1.5867,0.9612,0.9155,-4.1753,3.9006,-2.8295,5.3657,1.5562,-0.8582,31,111,0.9612,1.0000,1.0000,1.0000,exploratory
P_demo,52,서울 외,43592,282,3.8163,3.7774,3.9767,3.9333,-1.0177,5.5948,5.5979,0.4077,0.3019,0.3234,0.9931,-3.6490,0.4349,-5.1722,0.8444,1.5713,0.1199,31,111,0.3234,1.0000,1.0000,1.0000,exploratory
P_demo,52,전체,51488,282,3.8324,3.8000,4.0034,3.9662,-0.8466,5.5059,5.5102,0.1546,0.0110,0.4502,0.9669,-3.5446,0.7521,-4.7113,1.3552,1.5668,-0.1293,31,111,0.4502,1.0000,1.0000,1.0000,exploratory
P_demo,104,서울 28,7224,258,7.9335,7.9148,8.7389,8.7208,-0.2351,10.1140,10.0827,-2.6086,-2.4501,0.6111,0.4951,-0.8856,0.6134,-0.8113,0.0152,0.8084,0.2939,31,111,0.6111,1.0000,1.0000,1.0000,exploratory
P_demo,104,서울시 지수,258,258,7.8804,7.8350,8.6771,8.6313,-0.5760,9.9486,9.9001,-2.9932,-2.8352,0.1722,0.2895,-1.1554,0.1086,-1.1659,-0.0042,0.0859,0.2604,31,111,0.1722,1.0000,1.0000,1.0000,exploratory
P_demo,104,서울 25개 구,6450,258,7.9450,7.9289,8.7517,8.7362,-0.2027,10.1305,10.1008,-2.5713,-2.4124,0.6658,0.5172,-0.8692,0.6624,-0.7762,0.0118,0.8719,0.2888,31,111,0.6658,1.0000,1.0000,1.0000,exploratory
P_demo,104,서울 외,39769,258,8.7183,8.7463,9.2850,9.3143,0.3205,11.2721,11.3009,1.8845,1.9425,0.0950,0.0391,0.0059,0.7117,0.2270,-0.0205,0.9298,0.4240,31,111,0.0950,1.0000,1.0000,1.0000,exploratory
P_demo,104,전체,46993,258,8.5977,8.6184,9.2011,9.2231,0.2417,11.1020,11.1223,1.1938,1.2673,0.2759,0.2458,-0.1121,0.6789,0.0564,-0.0163,0.9149,0.4029,31,111,0.2759,1.0000,1.0000,1.0000,exploratory
P_demo,208,서울 28,5880,210,13.0355,12.9205,15.7169,15.5898,-0.8818,16.2279,16.0922,-9.6591,-9.4143,0.0622,0.0891,-1.3235,-0.0068,-1.2657,0.7685,0.0489,,31,111,0.0622,1.0000,1.0000,1.0000,exploratory
P_demo,208,서울시 지수,210,210,12.2302,12.1124,14.9643,14.8330,-0.9632,15.7392,15.5797,-10.3413,-10.0962,0.0999,0.0502,-1.4334,0.2240,-1.3267,2.5066,-5.5638,,31,111,0.0999,1.0000,1.0000,1.0000,exploratory
P_demo,208,서울 25개 구,5250,210,13.0959,12.9801,15.7689,15.6411,-0.8838,16.2656,16.1315,-9.5810,-9.3362,0.0537,0.0916,-1.3174,-0.0446,-1.2598,0.6411,0.0459,,31,111,0.0537,1.0000,1.0000,1.0000,exploratory
P_demo,208,서울 외,32240,210,13.5129,13.5417,14.8277,14.8603,0.2128,16.4721,16.5108,2.2212,2.2931,0.1367,0.0647,0.0039,0.4219,-0.0094,0.6589,0.5564,,31,111,0.1367,1.0000,1.0000,1.0000,exploratory
P_demo,208,전체,38120,210,13.4393,13.4459,14.9649,14.9728,0.0491,16.4347,16.4469,0.3887,0.4873,0.7990,0.6733,-0.2441,0.3750,-0.2310,0.6704,0.5150,,31,111,0.7990,1.0000,1.0000,1.0000,exploratory
P_demo,78,서울 28,7560,270,6.1509,6.1347,6.6590,6.6425,-0.2639,7.8032,7.7857,-2.1391,-2.0554,0.4250,0.4980,-0.7370,0.3161,-0.6644,-0.5747,0.4939,0.6364,31,111,0.4250,1.0000,1.0000,1.0000,exploratory
P_demo,78,서울시 지수,270,270,6.2059,6.1779,6.7023,6.6740,-0.4522,7.5909,7.5613,-2.4536,-2.3676,0.1618,0.2583,-0.9100,0.0912,-0.8961,-0.5978,0.0012,0.8546,31,111,0.1618,1.0000,1.0000,1.0000,exploratory
P_demo,78,서울 25개 구,6750,270,6.1507,6.1357,6.6602,6.6448,-0.2454,7.8263,7.8098,-2.1126,-2.0289,0.4618,0.5243,-0.7248,0.3428,-0.6443,-0.5757,0.5532,0.6123,31,111,0.4618,1.0000,1.0000,1.0000,exploratory
P_demo,78,서울 외,41672,270,6.1669,6.1794,6.5043,6.5171,0.2028,8.4647,8.4781,0.8421,0.8864,0.2788,0.2497,-0.0749,0.5524,0.1629,-0.1319,0.8481,0.1465,31,111,0.2788,1.0000,1.0000,1.0000,exploratory
P_demo,78,전체,49232,270,6.1644,6.1725,6.5280,6.5363,0.1313,8.3665,8.3755,0.3843,0.4346,0.5027,0.4830,-0.1582,0.4943,0.0115,-0.1833,0.8023,0.2518,31,111,0.5027,1.0000,1.0000,1.0000,exploratory
P_demo [Ridge only],52,서울 28,7896,282,4.0699,4.0625,4.3104,4.3027,-0.1826,5.2516,5.2477,-1.2766,-1.2613,0.4357,0.7625,-0.5639,0.2151,-0.4946,-0.7232,0.2604,0.8072,31,111,0.4357,1.0000,1.0000,1.0000,exploratory
P_demo [Ridge only],52,서울시 지수,282,282,4.0337,4.0213,4.2577,4.2452,-0.3087,4.9409,4.9311,-1.5007,-1.4807,0.2829,0.4843,-0.7534,0.1932,-0.7369,-0.7576,-0.1660,1.4958,31,111,0.2829,1.0000,1.0000,1.0000,exploratory
P_demo [Ridge only],52,서울 25개 구,7050,282,4.0782,4.0712,4.3205,4.3132,-0.1727,5.2856,5.2822,-1.2616,-1.2466,0.4524,0.7929,-0.5482,0.2134,-0.4741,-0.7225,0.3083,0.7368,31,111,0.4524,1.0000,1.0000,1.0000,exploratory
P_demo [Ridge only],52,서울 외,43592,282,3.7859,3.7866,3.9364,3.9370,0.0161,5.5642,5.5667,0.3309,0.3584,0.9300,0.8077,-0.2553,0.3268,0.0656,-0.2819,0.5582,-0.3436,31,111,0.9300,1.0000,1.0000,1.0000,exploratory
P_demo [Ridge only],52,전체,51488,282,3.8295,3.8289,3.9937,3.9931,-0.0163,5.5174,5.5190,0.0844,0.1100,0.9299,0.8768,-0.2740,0.2766,-0.0499,-0.3343,0.5180,-0.0914,31,111,0.9299,1.0000,1.0000,1.0000,exploratory
P_demo [Ridge only],104,서울 28,7224,258,7.9335,7.9148,8.7389,8.7208,-0.2351,10.1140,10.0827,-2.6086,-2.4501,0.6111,0.4951,-0.8856,0.6134,-0.8113,0.0152,0.8084,0.2939,31,111,0.6111,1.0000,1.0000,1.0000,exploratory
P_demo [Ridge only],104,서울시 지수,258,258,7.8804,7.8350,8.6771,8.6313,-0.5760,9.9486,9.9001,-2.9932,-2.8352,0.1722,0.2895,-1.1554,0.1086,-1.1659,-0.0042,0.0859,0.2604,31,111,0.1722,1.0000,1.0000,1.0000,exploratory
P_demo [Ridge only],104,서울 25개 구,6450,258,7.9450,7.9289,8.7517,8.7362,-0.2027,10.1305,10.1008,-2.5713,-2.4124,0.6658,0.5172,-0.8692,0.6624,-0.7762,0.0118,0.8719,0.2888,31,111,0.6658,1.0000,1.0000,1.0000,exploratory
P_demo [Ridge only],104,서울 외,39769,258,8.7183,8.7463,9.2850,9.3143,0.3205,11.2721,11.3009,1.8845,1.9425,0.0950,0.0391,0.0059,0.7117,0.2270,-0.0205,0.9298,0.4240,31,111,0.0950,1.0000,1.0000,1.0000,exploratory
P_demo [Ridge only],104,전체,46993,258,8.5977,8.6184,9.2011,9.2231,0.2417,11.1020,11.1223,1.1938,1.2673,0.2759,0.2458,-0.1121,0.6789,0.0564,-0.0163,0.9149,0.4029,31,111,0.2759,1.0000,1.0000,1.0000,exploratory
P_demo [Ridge only],208,서울 28,5880,210,13.0355,12.9205,15.7169,15.5898,-0.8818,16.2279,16.0922,-9.6591,-9.4143,0.0622,0.0891,-1.3235,-0.0068,-1.2657,0.7685,0.0489,,31,111,0.0622,1.0000,1.0000,1.0000,exploratory
P_demo [Ridge only],208,서울시 지수,210,210,12.2302,12.1124,14.9643,14.8330,-0.9632,15.7392,15.5797,-10.3413,-10.0962,0.0999,0.0502,-1.4334,0.2240,-1.3267,2.5066,-5.5638,,31,111,0.0999,1.0000,1.0000,1.0000,exploratory
P_demo [Ridge only],208,서울 25개 구,5250,210,13.0959,12.9801,15.7689,15.6411,-0.8838,16.2656,16.1315,-9.5810,-9.3362,0.0537,0.0916,-1.3174,-0.0446,-1.2598,0.6411,0.0459,,31,111,0.0537,1.0000,1.0000,1.0000,exploratory
P_demo [Ridge only],208,서울 외,32240,210,13.5129,13.5417,14.8277,14.8603,0.2128,16.4721,16.5108,2.2212,2.2931,0.1367,0.0647,0.0039,0.4219,-0.0094,0.6589,0.5564,,31,111,0.1367,1.0000,1.0000,1.0000,exploratory
P_demo [Ridge only],208,전체,38120,210,13.4393,13.4459,14.9649,14.9728,0.0491,16.4347,16.4469,0.3887,0.4873,0.7990,0.6733,-0.2441,0.3750,-0.2310,0.6704,0.5150,,31,111,0.7990,1.0000,1.0000,1.0000,exploratory
P_demo [Ridge only],78,서울 28,7560,270,6.1509,6.1347,6.6590,6.6425,-0.2639,7.8032,7.7857,-2.1391,-2.0554,0.4250,0.4980,-0.7370,0.3161,-0.6644,-0.5747,0.4939,0.6364,31,111,0.4250,1.0000,1.0000,1.0000,exploratory
P_demo [Ridge only],78,서울시 지수,270,270,6.2059,6.1779,6.7023,6.6740,-0.4522,7.5909,7.5613,-2.4536,-2.3676,0.1618,0.2583,-0.9100,0.0912,-0.8961,-0.5978,0.0012,0.8546,31,111,0.1618,1.0000,1.0000,1.0000,exploratory
P_demo [Ridge only],78,서울 25개 구,6750,270,6.1507,6.1357,6.6602,6.6448,-0.2454,7.8263,7.8098,-2.1126,-2.0289,0.4618,0.5243,-0.7248,0.3428,-0.6443,-0.5757,0.5532,0.6123,31,111,0.4618,1.0000,1.0000,1.0000,exploratory
P_demo [Ridge only],78,서울 외,41672,270,6.1669,6.1794,6.5043,6.5171,0.2028,8.4647,8.4781,0.8421,0.8864,0.2788,0.2497,-0.0749,0.5524,0.1629,-0.1319,0.8481,0.1465,31,111,0.2788,1.0000,1.0000,1.0000,exploratory
P_demo [Ridge only],78,전체,49232,270,6.1644,6.1725,6.5280,6.5363,0.1313,8.3665,8.3755,0.3843,0.4346,0.5027,0.4830,-0.1582,0.4943,0.0115,-0.1833,0.8023,0.2518,31,111,0.5027,1.0000,1.0000,1.0000,exploratory
