origin,region,horizon,pred,pred_raw,lo,hi,rw,drift26
2026-09-21,6개광역시,4,0.000651,0.000651,0.000092,0.001007,0.000000,0.000035
2026-09-21,강남11개구,4,0.004767,0.005464,-0.000559,0.008162,0.000000,0.007461
2026-09-21,강남구,4,-0.001442,-0.000745,-0.008398,0.002991,0.000000,-0.000347
2026-09-21,강동구,4,0.005364,0.006061,-0.006978,0.013230,0.000000,0.008796
2026-09-21,강북14개구,4,0.009058,0.009755,0.003979,0.012296,0.000000,0.011407
2026-09-21,강북구,4,0.010769,0.011466,-0.000581,0.018002,0.000000,0.013589
2026-09-21,강서구,4,0.009087,0.009783,0.000105,0.014811,0.000000,0.014716
2026-09-21,관악구,4,0.008587,0.009283,0.000647,0.013646,0.000000,0.009885
2026-09-21,광진구,4,0.004264,0.004961,-0.010676,0.013786,0.000000,0.009147
2026-09-21,구로구,4,0.009149,0.009846,0.000860,0.014433,0.000000,0.012596
2026-09-21,금천구,4,0.007637,0.008334,0.002008,0.011224,0.000000,0.006932
2026-09-21,기타지방,4,0.001034,0.001034,0.000371,0.001457,0.000000,0.000568
2026-09-21,노원구,4,0.014006,0.014703,0.005406,0.019487,0.000000,0.013522
2026-09-21,도봉구,4,0.010995,0.011692,0.004789,0.014951,0.000000,0.009692
2026-09-21,동대문구,4,0.008529,0.009226,-0.000484,0.014274,0.000000,0.014902
2026-09-21,동작구,4,0.006994,0.007690,-0.002673,0.013154,0.000000,0.011021
2026-09-21,마포구,4,0.003866,0.004563,-0.005631,0.009918,0.000000,0.006914
2026-09-21,서대문구,4,0.007325,0.008022,-0.001455,0.012921,0.000000,0.011123
2026-09-21,서울특별시,4,0.006849,0.007546,0.002009,0.009933,0.000000,0.009327
2026-09-21,서초구,4,0.001062,0.001759,-0.004175,0.004400,0.000000,0.002427
2026-09-21,성동구,4,0.003377,0.004074,-0.008432,0.010903,0.000000,0.007544
2026-09-21,성북구,4,0.011835,0.012532,0.003561,0.017108,0.000000,0.016373
2026-09-21,송파구,4,0.002869,0.003565,-0.006377,0.008761,0.000000,0.006300
2026-09-21,수도권,4,0.007206,0.007206,0.004835,0.008716,0.000000,0.006521
2026-09-21,양천구,4,0.003310,0.004007,-0.003112,0.007403,0.000000,0.005544
2026-09-21,영등포구,4,0.005473,0.006170,-0.002805,0.010748,0.000000,0.010685
2026-09-21,용산구,4,0.001940,0.002637,-0.004341,0.005942,0.000000,0.003019
2026-09-21,은평구,4,0.007760,0.008457,0.001845,0.011530,0.000000,0.009430
2026-09-21,전국,4,0.003601,0.003601,0.002371,0.004385,0.000000,0.003377
2026-09-21,종로구,4,0.009850,0.010547,-0.000022,0.016142,0.000000,0.010520
2026-09-21,중구,4,0.005898,0.006595,-0.003074,0.011616,0.000000,0.009818
2026-09-21,중랑구,4,0.011546,0.012243,-0.001420,0.019809,0.000000,0.014665
2026-09-21,6개광역시,8,0.001615,0.001615,0.000368,0.002317,0.000000,0.000069
2026-09-21,강남11개구,8,0.009115,0.010844,-0.002769,0.015802,0.000000,0.014923
2026-09-21,강남구,8,-0.002576,-0.000846,-0.018097,0.006159,0.000000,-0.000693
2026-09-21,강동구,8,0.009838,0.011567,-0.017703,0.025336,0.000000,0.017592
2026-09-21,강북14개구,8,0.017364,0.019094,0.006030,0.023743,0.000000,0.022815
2026-09-21,강북구,8,0.020717,0.022446,-0.004608,0.034968,0.000000,0.027178
2026-09-21,강서구,8,0.017028,0.018758,-0.003013,0.028306,0.000000,0.029432
2026-09-21,관악구,8,0.015944,0.017673,-0.001772,0.025913,0.000000,0.019769
2026-09-21,광진구,8,0.008298,0.010027,-0.025039,0.027058,0.000000,0.018294
2026-09-21,구로구,8,0.016994,0.018723,-0.001504,0.027403,0.000000,0.025193
2026-09-21,금천구,8,0.013928,0.015658,0.001369,0.020996,0.000000,0.013865
2026-09-21,기타지방,8,0.002501,0.002501,0.001022,0.003334,0.000000,0.001136
2026-09-21,노원구,8,0.028229,0.029958,0.009039,0.039028,0.000000,0.027043
2026-09-21,도봉구,8,0.020823,0.022552,0.006974,0.028616,0.000000,0.019385
2026-09-21,동대문구,8,0.016383,0.018112,-0.003730,0.027701,0.000000,0.029804
2026-09-21,동작구,8,0.012742,0.014471,-0.008827,0.024880,0.000000,0.022042
2026-09-21,마포구,8,0.007624,0.009353,-0.013567,0.019549,0.000000,0.013828
2026-09-21,서대문구,8,0.014031,0.015760,-0.005561,0.025056,0.000000,0.022246
2026-09-21,서울특별시,8,0.012469,0.014198,0.001670,0.018546,0.000000,0.018654
2026-09-21,서초구,8,0.002661,0.004391,-0.009024,0.009237,0.000000,0.004855
2026-09-21,성동구,8,0.006612,0.008341,-0.019738,0.021440,0.000000,0.015088
2026-09-21,성북구,8,0.022349,0.024078,0.003887,0.032738,0.000000,0.032745
2026-09-21,송파구,8,0.005343,0.007073,-0.015287,0.016953,0.000000,0.012600
2026-09-21,수도권,8,0.015178,0.015178,0.009888,0.018155,0.000000,0.013042
2026-09-21,양천구,8,0.006265,0.007994,-0.008065,0.014328,0.000000,0.011088
2026-09-21,영등포구,8,0.010213,0.011942,-0.008257,0.020607,0.000000,0.021370
2026-09-21,용산구,8,0.005468,0.007197,-0.008546,0.013354,0.000000,0.006038
2026-09-21,은평구,8,0.014897,0.016626,0.001698,0.022324,0.000000,0.018860
2026-09-21,전국,8,0.007707,0.007707,0.004962,0.009252,0.000000,0.006754
2026-09-21,종로구,8,0.019192,0.020922,-0.002835,0.031588,0.000000,0.021040
2026-09-21,중구,8,0.011717,0.013446,-0.008304,0.022984,0.000000,0.019637
2026-09-21,중랑구,8,0.022734,0.024463,-0.006197,0.039015,0.000000,0.029330
2026-09-21,6개광역시,13,0.002836,0.002836,0.000708,0.004003,0.000000,0.000113
2026-09-21,강남11개구,13,0.015418,0.018867,-0.004852,0.026542,0.000000,0.024249
2026-09-21,강남구,13,-0.004334,-0.000885,-0.030807,0.010194,0.000000,-0.001127
2026-09-21,강동구,13,0.015498,0.018947,-0.031476,0.041277,0.000000,0.028587
2026-09-21,강북14개구,13,0.027541,0.030990,0.008208,0.038151,0.000000,0.037074
2026-09-21,강북구,13,0.032577,0.036026,-0.010617,0.056282,0.000000,0.044164
2026-09-21,강서구,13,0.026506,0.029955,-0.007676,0.045265,0.000000,0.047827
2026-09-21,관악구,13,0.024848,0.028297,-0.005368,0.041430,0.000000,0.032125
2026-09-21,광진구,13,0.013663,0.017112,-0.043197,0.044867,0.000000,0.029728
2026-09-21,구로구,13,0.026923,0.030372,-0.004626,0.044237,0.000000,0.040938
2026-09-21,금천구,13,0.023439,0.026888,0.002017,0.035195,0.000000,0.022530
2026-09-21,기타지방,13,0.004673,0.004673,0.002150,0.006058,0.000000,0.001846
2026-09-21,노원구,13,0.042461,0.045910,0.009730,0.060423,0.000000,0.043945
2026-09-21,도봉구,13,0.032841,0.036290,0.009220,0.045803,0.000000,0.031500
2026-09-21,동대문구,13,0.026748,0.030197,-0.007557,0.045574,0.000000,0.048432
2026-09-21,동작구,13,0.019858,0.023307,-0.016931,0.040047,0.000000,0.035818
2026-09-21,마포구,13,0.012420,0.015869,-0.023723,0.032255,0.000000,0.022470
2026-09-21,서대문구,13,0.022906,0.026355,-0.010511,0.041244,0.000000,0.036150
2026-09-21,서울특별시,13,0.020758,0.024207,0.002339,0.030866,0.000000,0.030313
2026-09-21,서초구,13,0.004353,0.007802,-0.015577,0.015291,0.000000,0.007889
2026-09-21,성동구,13,0.010488,0.013937,-0.034455,0.035152,0.000000,0.024519
2026-09-21,성북구,13,0.035249,0.038698,0.003761,0.052530,0.000000,0.053211
2026-09-21,송파구,13,0.008546,0.011995,-0.026641,0.027856,0.000000,0.020475
2026-09-21,수도권,13,0.024668,0.024668,0.015645,0.029619,0.000000,0.021193
2026-09-21,양천구,13,0.010036,0.013486,-0.014404,0.023449,0.000000,0.018018
2026-09-21,영등포구,13,0.016708,0.020157,-0.014795,0.033996,0.000000,0.034726
2026-09-21,용산구,13,0.007797,0.011246,-0.016105,0.020914,0.000000,0.009812
2026-09-21,은평구,13,0.026004,0.029453,0.003492,0.038358,0.000000,0.030648
2026-09-21,전국,13,0.012778,0.012778,0.008095,0.015348,0.000000,0.010975
2026-09-21,종로구,13,0.030646,0.034095,-0.006924,0.051264,0.000000,0.034189
2026-09-21,중구,13,0.019281,0.022730,-0.014866,0.038021,0.000000,0.031910
2026-09-21,중랑구,13,0.035518,0.038968,-0.013826,0.062598,0.000000,0.047662
2026-09-21,6개광역시,20,0.004514,0.004514,0.000682,0.006656,0.000000,0.000173
2026-09-21,강남11개구,20,0.020288,0.027069,-0.016228,0.040695,0.000000,0.037307
2026-09-21,강남구,20,-0.005690,0.001091,-0.053381,0.020961,0.000000,-0.001733
2026-09-21,강동구,20,0.019671,0.026452,-0.064952,0.066962,0.000000,0.043979
2026-09-21,강북14개구,20,0.040131,0.046912,0.005303,0.059594,0.000000,0.057037
2026-09-21,강북구,20,0.045059,0.051840,-0.032754,0.088545,0.000000,0.067945
2026-09-21,강서구,20,0.035362,0.042143,-0.026217,0.069775,0.000000,0.073581
2026-09-21,관악구,20,0.032704,0.039485,-0.021729,0.063124,0.000000,0.049423
2026-09-21,광진구,20,0.019561,0.026343,-0.082871,0.076805,0.000000,0.045735
2026-09-21,구로구,20,0.036536,0.043317,-0.020300,0.068299,0.000000,0.062982
2026-09-21,금천구,20,0.031229,0.038011,-0.007362,0.052796,0.000000,0.034662
2026-09-21,기타지방,20,0.007524,0.007524,0.002978,0.010064,0.000000,0.002839
2026-09-21,노원구,20,0.058008,0.064789,-0.000957,0.090960,0.000000,0.067608
2026-09-21,도봉구,20,0.045278,0.052060,0.002726,0.069058,0.000000,0.048462
2026-09-21,동대문구,20,0.038541,0.045323,-0.023258,0.073078,0.000000,0.074511
2026-09-21,동작구,20,0.025914,0.032695,-0.040361,0.062951,0.000000,0.055104
2026-09-21,마포구,20,0.017247,0.024028,-0.047865,0.053634,0.000000,0.034570
2026-09-21,서대문구,20,0.033248,0.040029,-0.026951,0.066890,0.000000,0.055616
2026-09-21,서울특별시,20,0.030587,0.037368,-0.002595,0.049130,0.000000,0.046636
2026-09-21,서초구,20,0.004860,0.011641,-0.031044,0.024925,0.000000,0.012137
2026-09-21,성동구,20,0.013931,0.020713,-0.067033,0.059178,0.000000,0.037721
2026-09-21,성북구,20,0.048383,0.055164,-0.008344,0.080084,0.000000,0.081863
2026-09-21,송파구,20,0.010734,0.017515,-0.052655,0.046159,0.000000,0.031500
2026-09-21,수도권,20,0.037534,0.037534,0.021280,0.046617,0.000000,0.032605
2026-09-21,양천구,20,0.012531,0.019312,-0.031498,0.037137,0.000000,0.027720
2026-09-21,영등포구,20,0.022189,0.028970,-0.034564,0.053905,0.000000,0.053424
2026-09-21,용산구,20,0.011048,0.017829,-0.032012,0.035111,0.000000,0.015095
2026-09-21,은평구,20,0.037053,0.043834,-0.003502,0.059716,0.000000,0.047150
2026-09-21,전국,20,0.020331,0.020331,0.011894,0.025045,0.000000,0.016884
2026-09-21,종로구,20,0.042962,0.049743,-0.024720,0.080786,0.000000,0.052599
2026-09-21,중구,20,0.028055,0.034837,-0.033462,0.062434,0.000000,0.049092
2026-09-21,중랑구,20,0.050118,0.056899,-0.038775,0.099795,0.000000,0.073326
2026-09-21,6개광역시,26,0.006426,0.006426,0.001162,0.009440,0.000000,0.000225
2026-09-21,강남11개구,26,0.025238,0.034369,-0.024918,0.053966,0.000000,0.048499
2026-09-21,강남구,26,-0.005157,0.003974,-0.070662,0.032362,0.000000,-0.002253
2026-09-21,강동구,26,0.021817,0.030948,-0.094416,0.088392,0.000000,0.057173
2026-09-21,강북14개구,26,0.053245,0.062377,0.005408,0.080645,0.000000,0.074148
2026-09-21,강북구,26,0.058585,0.067716,-0.048295,0.119803,0.000000,0.088329
2026-09-21,강서구,26,0.042798,0.051930,-0.041782,0.091245,0.000000,0.095655
2026-09-21,관악구,26,0.040800,0.049932,-0.033965,0.083624,0.000000,0.064249
2026-09-21,광진구,26,0.029205,0.038337,-0.111488,0.109792,0.000000,0.059456
2026-09-21,구로구,26,0.045489,0.054621,-0.032577,0.090204,0.000000,0.081877
2026-09-21,금천구,26,0.039832,0.048963,-0.013175,0.070193,0.000000,0.045061
2026-09-21,기타지방,26,0.010075,0.010075,0.003832,0.013651,0.000000,0.003691
2026-09-21,노원구,26,0.073062,0.082193,-0.007928,0.119451,0.000000,0.087891
2026-09-21,도봉구,26,0.057616,0.066747,-0.000831,0.091092,0.000000,0.063001
2026-09-21,동대문구,26,0.049467,0.058599,-0.035417,0.098087,0.000000,0.096865
2026-09-21,동작구,26,0.032478,0.041609,-0.058553,0.084618,0.000000,0.071635
2026-09-21,마포구,26,0.027024,0.036156,-0.062409,0.078249,0.000000,0.044941
2026-09-21,서대문구,26,0.041177,0.050308,-0.041508,0.088537,0.000000,0.072301
2026-09-21,서울특별시,26,0.034560,0.043691,-0.011016,0.060665,0.000000,0.060627
2026-09-21,서초구,26,0.008124,0.017255,-0.041192,0.036371,0.000000,0.015778
2026-09-21,성동구,26,0.022829,0.031960,-0.088379,0.086526,0.000000,0.049037
2026-09-21,성북구,26,0.060421,0.069552,-0.017494,0.105049,0.000000,0.106422
2026-09-21,송파구,26,0.014234,0.023365,-0.072833,0.064104,0.000000,0.040951
2026-09-21,수도권,26,0.043612,0.043612,0.021286,0.056399,0.000000,0.042387
2026-09-21,양천구,26,0.020052,0.029183,-0.040424,0.054691,0.000000,0.036036
2026-09-21,영등포구,26,0.027502,0.036633,-0.050450,0.072150,0.000000,0.069452
2026-09-21,용산구,26,0.018314,0.027446,-0.040829,0.052191,0.000000,0.019624
2026-09-21,은평구,26,0.050193,0.059324,-0.005510,0.082098,0.000000,0.061295
2026-09-21,전국,26,0.028047,0.028047,0.016460,0.034684,0.000000,0.021949
2026-09-21,종로구,26,0.054402,0.063533,-0.038562,0.107649,0.000000,0.068379
2026-09-21,중구,26,0.036099,0.045230,-0.048397,0.084496,0.000000,0.063820
2026-09-21,중랑구,26,0.065836,0.074968,-0.056261,0.135771,0.000000,0.095323
2026-09-21,6개광역시,39,0.011177,0.011177,0.002699,0.016408,0.000000,0.000338
2026-09-21,강남11개구,39,0.044398,0.056794,-0.036381,0.094249,0.000000,0.072748
2026-09-21,강남구,39,0.004614,0.017011,-0.100884,0.069722,0.000000,-0.003380
2026-09-21,강동구,39,0.036499,0.048896,-0.150700,0.152027,0.000000,0.085760
2026-09-21,강북14개구,39,0.068896,0.081293,-0.008148,0.116443,0.000000,0.111223
2026-09-21,강북구,39,0.077265,0.089662,-0.094869,0.183496,0.000000,0.132493
2026-09-21,강서구,39,0.056940,0.069336,-0.079282,0.141008,0.000000,0.143482
2026-09-21,관악구,39,0.051272,0.063669,-0.069141,0.125584,0.000000,0.096374
2026-09-21,광진구,39,0.046815,0.059211,-0.179780,0.186656,0.000000,0.089184
2026-09-21,구로구,39,0.056860,0.069257,-0.068870,0.134454,0.000000,0.122815
2026-09-21,금천구,39,0.058282,0.070678,-0.027089,0.110967,0.000000,0.067591
2026-09-21,기타지방,39,0.015856,0.015856,0.005801,0.022061,0.000000,0.005537
2026-09-21,노원구,39,0.096170,0.108566,-0.034268,0.176668,0.000000,0.131836
2026-09-21,도봉구,39,0.077961,0.090358,-0.016170,0.136053,0.000000,0.094501
2026-09-21,동대문구,39,0.064893,0.077290,-0.071817,0.149263,0.000000,0.145297
2026-09-21,동작구,39,0.046517,0.058914,-0.100093,0.136996,0.000000,0.107452
2026-09-21,마포구,39,0.044434,0.056831,-0.099602,0.133325,0.000000,0.067411
2026-09-21,서대문구,39,0.061260,0.073657,-0.071909,0.143445,0.000000,0.108451
2026-09-21,서울특별시,39,0.053953,0.066350,-0.019449,0.099253,0.000000,0.090940
2026-09-21,서초구,39,0.018474,0.030871,-0.060952,0.067491,0.000000,0.023667
2026-09-21,성동구,39,0.041168,0.053565,-0.137937,0.151702,0.000000,0.073556
2026-09-21,성북구,39,0.074952,0.087349,-0.050535,0.152395,0.000000,0.159633
2026-09-21,송파구,39,0.029818,0.042215,-0.110408,0.116358,0.000000,0.061426
2026-09-21,수도권,39,0.069332,0.069332,0.033376,0.091522,0.000000,0.063580
2026-09-21,양천구,39,0.040696,0.053093,-0.056703,0.100806,0.000000,0.054054
2026-09-21,영등포구,39,0.044041,0.056438,-0.081503,0.121520,0.000000,0.104178
2026-09-21,용산구,39,0.030132,0.042529,-0.065121,0.088917,0.000000,0.029436
2026-09-21,은평구,39,0.069329,0.081726,-0.020383,0.124694,0.000000,0.091943
2026-09-21,전국,39,0.052353,0.052353,0.033692,0.063870,0.000000,0.032924
2026-09-21,종로구,39,0.077645,0.090042,-0.072078,0.170045,0.000000,0.102568
2026-09-21,중구,39,0.058489,0.070886,-0.077595,0.142473,0.000000,0.095730
2026-09-21,중랑구,39,0.088021,0.100418,-0.108624,0.209379,0.000000,0.142985
2026-09-21,6개광역시,52,0.017055,0.017055,0.005535,0.025576,0.000000,0.000450
2026-09-21,강남11개구,52,0.049210,0.065627,-0.060553,0.130404,0.000000,0.096997
2026-09-21,강남구,52,0.009019,0.025436,-0.134335,0.115060,0.000000,-0.004507
2026-09-21,강동구,52,0.038958,0.055374,-0.215414,0.227120,0.000000,0.114346
2026-09-21,강북14개구,52,0.080849,0.097265,-0.023841,0.158290,0.000000,0.148297
2026-09-21,강북구,52,0.093230,0.109646,-0.140671,0.266251,0.000000,0.176657
2026-09-21,강서구,52,0.063033,0.079449,-0.122070,0.199956,0.000000,0.191310
2026-09-21,관악구,52,0.054709,0.071125,-0.108912,0.175742,0.000000,0.128499
2026-09-21,광진구,52,0.059440,0.075857,-0.248463,0.287201,0.000000,0.118912
2026-09-21,구로구,52,0.064651,0.081067,-0.106195,0.191028,0.000000,0.163754
2026-09-21,금천구,52,0.071781,0.088197,-0.044223,0.157591,0.000000,0.090122
2026-09-21,기타지방,52,0.021425,0.021425,0.007762,0.031532,0.000000,0.007382
2026-09-21,노원구,52,0.108283,0.124700,-0.068960,0.239393,0.000000,0.175782
2026-09-21,도봉구,52,0.095722,0.112138,-0.032186,0.190338,0.000000,0.126001
2026-09-21,동대문구,52,0.078613,0.095029,-0.107153,0.216027,0.000000,0.193729
2026-09-21,동작구,52,0.049177,0.065594,-0.150040,0.196542,0.000000,0.143270
2026-09-21,마포구,52,0.055161,0.071578,-0.140560,0.199939,0.000000,0.089882
2026-09-21,서대문구,52,0.072047,0.088463,-0.108907,0.205902,0.000000,0.144601
2026-09-21,서울특별시,52,0.063529,0.079945,-0.036212,0.137310,0.000000,0.121254
2026-09-21,서초구,52,0.023495,0.039911,-0.084432,0.103330,0.000000,0.031556
2026-09-21,성동구,52,0.050785,0.067201,-0.192589,0.230812,0.000000,0.098075
2026-09-21,성북구,52,0.087954,0.104371,-0.082561,0.214088,0.000000,0.212844
2026-09-21,송파구,52,0.035193,0.051609,-0.155351,0.176141,0.000000,0.081901
2026-09-21,수도권,52,0.086796,0.086796,0.037938,0.122938,0.000000,0.084773
2026-09-21,양천구,52,0.047264,0.063681,-0.085085,0.145166,0.000000,0.072072
2026-09-21,영등포구,52,0.047902,0.064318,-0.122692,0.174093,0.000000,0.138904
2026-09-21,용산구,52,0.050549,0.066965,-0.078885,0.146293,0.000000,0.039248
2026-09-21,은평구,52,0.082994,0.099410,-0.038910,0.173168,0.000000,0.122590
2026-09-21,전국,52,0.061037,0.061037,0.035679,0.079795,0.000000,0.043898
2026-09-21,종로구,52,0.094140,0.110556,-0.109308,0.244634,0.000000,0.136758
2026-09-21,중구,52,0.069178,0.085595,-0.115737,0.205963,0.000000,0.127639
2026-09-21,중랑구,52,0.107621,0.124037,-0.159586,0.305278,0.000000,0.190647
2026-09-21,6개광역시,78,0.028289,0.028289,0.012881,0.051530,0.000000,0.000676
2026-09-21,강남11개구,78,0.059717,0.059717,-0.087104,0.281176,0.000000,0.145496
2026-09-21,강남구,78,0.024021,0.024021,-0.167731,0.313251,0.000000,-0.006760
2026-09-21,강동구,78,0.053815,0.053815,-0.286436,0.567032,0.000000,0.171519
2026-09-21,강북14개구,78,0.091900,0.091900,-0.048135,0.303122,0.000000,0.222445
2026-09-21,강북구,78,0.103064,0.103064,-0.209806,0.574981,0.000000,0.264986
2026-09-21,강서구,78,0.071154,0.071154,-0.176442,0.444615,0.000000,0.286965
2026-09-21,관악구,78,0.064338,0.064338,-0.154524,0.394458,0.000000,0.192748
2026-09-21,광진구,78,0.077715,0.077715,-0.334141,0.698939,0.000000,0.178367
2026-09-21,구로구,78,0.071979,0.071979,-0.156547,0.416675,0.000000,0.245631
2026-09-21,금천구,78,0.073347,0.073347,-0.081822,0.307396,0.000000,0.135182
2026-09-21,기타지방,78,0.033342,0.033342,0.015066,0.060908,0.000000,0.011073
2026-09-21,노원구,78,0.114999,0.114999,-0.122084,0.472603,0.000000,0.263673
2026-09-21,도봉구,78,0.105087,0.105087,-0.066005,0.363152,0.000000,0.189002
2026-09-21,동대문구,78,0.089570,0.089570,-0.158913,0.464370,0.000000,0.290594
2026-09-21,동작구,78,0.058564,0.058564,-0.207912,0.460503,0.000000,0.214905
2026-09-21,마포구,78,0.074086,0.074086,-0.187713,0.468971,0.000000,0.134823
2026-09-21,서대문구,78,0.088359,0.088359,-0.153688,0.453450,0.000000,0.216902
2026-09-21,서울특별시,78,0.065936,0.065936,-0.067480,0.267174,0.000000,0.181881
2026-09-21,서초구,78,0.044539,0.044539,-0.099825,0.262291,0.000000,0.047333
2026-09-21,성동구,78,0.068905,0.068905,-0.256636,0.559934,0.000000,0.147112
2026-09-21,성북구,78,0.103141,0.103141,-0.124943,0.447172,0.000000,0.319266
2026-09-21,송파구,78,0.050436,0.050436,-0.204439,0.434875,0.000000,0.122852
2026-09-21,수도권,78,0.074059,0.074059,0.008705,0.172634,0.000000,0.127160
2026-09-21,양천구,78,0.054799,0.054799,-0.122234,0.321826,0.000000,0.108109
2026-09-21,영등포구,78,0.057644,0.057644,-0.170545,0.401832,0.000000,0.208355
2026-09-21,용산구,78,0.067693,0.067693,-0.105439,0.328837,0.000000,0.058872
2026-09-21,은평구,78,0.094056,0.094056,-0.069004,0.340008,0.000000,0.183885
2026-09-21,전국,78,0.058568,0.058568,0.024648,0.109730,0.000000,0.065847
2026-09-21,종로구,78,0.100590,0.100590,-0.171545,0.511065,0.000000,0.205136
2026-09-21,중구,78,0.081264,0.081264,-0.166082,0.454348,0.000000,0.191459
2026-09-21,중랑구,78,0.111805,0.111805,-0.245614,0.650919,0.000000,0.285970
2026-09-21,6개광역시,104,0.037118,0.037118,0.018647,0.075008,0.000000,0.000901
2026-09-21,강남11개구,104,0.066272,0.066272,-0.109736,0.427309,0.000000,0.193995
2026-09-21,강남구,104,0.031657,0.031657,-0.198213,0.503180,0.000000,-0.009013
2026-09-21,강동구,104,0.058499,0.058499,-0.349389,0.895182,0.000000,0.228692
2026-09-21,강북14개구,104,0.093326,0.093326,-0.074546,0.437675,0.000000,0.296594
2026-09-21,강북구,104,0.103406,0.103406,-0.271658,0.872759,0.000000,0.353314
2026-09-21,강서구,104,0.072653,0.072653,-0.224162,0.681496,0.000000,0.382620
2026-09-21,관악구,104,0.064657,0.064657,-0.197711,0.602843,0.000000,0.256997
2026-09-21,광진구,104,0.084606,0.084606,-0.409121,1.097369,0.000000,0.237823
2026-09-21,구로구,104,0.073301,0.073301,-0.200652,0.635250,0.000000,0.327508
2026-09-21,금천구,104,0.078147,0.078147,-0.107867,0.459711,0.000000,0.180243
2026-09-21,기타지방,104,0.044065,0.044065,0.022156,0.089006,0.000000,0.014765
2026-09-21,노원구,104,0.110384,0.110384,-0.173827,0.693376,0.000000,0.351564
2026-09-21,도봉구,104,0.104744,0.104744,-0.100358,0.525461,0.000000,0.252002
2026-09-21,동대문구,104,0.091970,0.091970,-0.205908,0.702995,0.000000,0.387458
2026-09-21,동작구,104,0.061589,0.061589,-0.257858,0.716860,0.000000,0.286540
2026-09-21,마포구,104,0.080230,0.080230,-0.233610,0.724000,0.000000,0.179764
2026-09-21,서대문구,104,0.092177,0.092177,-0.197985,0.687375,0.000000,0.289202
2026-09-21,서울특별시,104,0.069610,0.069610,-0.090327,0.397682,0.000000,0.242508
2026-09-21,서초구,104,0.053958,0.053958,-0.119104,0.408954,0.000000,0.063111
2026-09-21,성동구,104,0.075347,0.075347,-0.314906,0.875859,0.000000,0.196149
2026-09-21,성북구,104,0.101660,0.101660,-0.171764,0.662524,0.000000,0.425687
2026-09-21,송파구,104,0.058516,0.058516,-0.247024,0.685258,0.000000,0.163802
2026-09-21,수도권,104,0.082133,0.082133,0.003788,0.242839,0.000000,0.169546
2026-09-21,양천구,104,0.062780,0.062780,-0.149444,0.498107,0.000000,0.144145
2026-09-21,영등포구,104,0.063210,0.063210,-0.210339,0.624331,0.000000,0.277807
2026-09-21,용산구,104,0.075405,0.075405,-0.132144,0.501141,0.000000,0.078497
2026-09-21,은평구,104,0.098189,0.098189,-0.097286,0.499157,0.000000,0.245180
2026-09-21,전국,104,0.069386,0.069386,0.028724,0.152795,0.000000,0.087797
2026-09-21,종로구,104,0.101940,0.101940,-0.224291,0.771126,0.000000,0.273515
2026-09-21,중구,104,0.085823,0.085823,-0.210692,0.694052,0.000000,0.255279
2026-09-21,중랑구,104,0.112393,0.112393,-0.316076,0.991295,0.000000,0.381294
