data_id,config_id,variant,origin,region,horizon,pred,pred_raw,lo,hi,rw,drift26,origin_price
bae96616bd,40308dceb3,J_level_seoul,2026-09-28,6개광역시,4,0.000290,0.000290,-0.000272,0.000645,0.000000,0.000020,100.253244
bae96616bd,40308dceb3,J_level_seoul,2026-09-28,강남11개구,4,0.003588,0.004284,-0.001955,0.007099,0.000000,0.007164,108.016893
bae96616bd,40308dceb3,J_level_seoul,2026-09-28,강남구,4,-0.002765,-0.002068,-0.010058,0.001855,0.000000,-0.000467,99.882420
bae96616bd,40308dceb3,J_level_seoul,2026-09-28,강동구,4,0.004132,0.004829,-0.007662,0.011604,0.000000,0.008053,109.894874
bae96616bd,40308dceb3,J_level_seoul,2026-09-28,강북14개구,4,0.008434,0.009131,0.003309,0.011681,0.000000,0.011388,111.607125
bae96616bd,40308dceb3,J_level_seoul,2026-09-28,강북구,4,0.009299,0.009995,-0.002078,0.016506,0.000000,0.013404,113.363985
bae96616bd,40308dceb3,J_level_seoul,2026-09-28,강서구,4,0.007353,0.008050,-0.002211,0.013412,0.000000,0.014129,115.907499
bae96616bd,40308dceb3,J_level_seoul,2026-09-28,관악구,4,0.006837,0.007534,-0.001341,0.012018,0.000000,0.009754,112.803170
bae96616bd,40308dceb3,J_level_seoul,2026-09-28,광진구,4,0.003191,0.003888,-0.011193,0.012303,0.000000,0.008979,109.183528
bae96616bd,40308dceb3,J_level_seoul,2026-09-28,구로구,4,0.008983,0.009679,0.000662,0.014254,0.000000,0.012480,112.980613
bae96616bd,40308dceb3,J_level_seoul,2026-09-28,금천구,4,0.006171,0.006868,0.000587,0.009709,0.000000,0.007083,105.467328
bae96616bd,40308dceb3,J_level_seoul,2026-09-28,기타지방,4,0.000971,0.000971,0.000336,0.001373,0.000000,0.000528,100.627246
bae96616bd,40308dceb3,J_level_seoul,2026-09-28,노원구,4,0.012766,0.013463,0.004381,0.018079,0.000000,0.013802,113.519355
bae96616bd,40308dceb3,J_level_seoul,2026-09-28,도봉구,4,0.009129,0.009826,0.002954,0.013041,0.000000,0.009769,107.981241
bae96616bd,40308dceb3,J_level_seoul,2026-09-28,동대문구,4,0.011513,0.012210,0.001895,0.017607,0.000000,0.014790,115.801559
bae96616bd,40308dceb3,J_level_seoul,2026-09-28,동작구,4,0.006511,0.007208,-0.003225,0.012679,0.000000,0.010867,111.366342
bae96616bd,40308dceb3,J_level_seoul,2026-09-28,마포구,4,0.003777,0.004474,-0.005639,0.009743,0.000000,0.006918,108.426432
bae96616bd,40308dceb3,J_level_seoul,2026-09-28,서대문구,4,0.006953,0.007650,-0.001831,0.012518,0.000000,0.010922,113.049739
bae96616bd,40308dceb3,J_level_seoul,2026-09-28,서울특별시,4,0.005773,0.006470,0.000808,0.008919,0.000000,0.009161,109.699319
bae96616bd,40308dceb3,J_level_seoul,2026-09-28,서초구,4,0.000536,0.001233,-0.004827,0.003934,0.000000,0.002282,103.022029
bae96616bd,40308dceb3,J_level_seoul,2026-09-28,성동구,4,0.002765,0.003461,-0.008174,0.009694,0.000000,0.006979,109.233666
bae96616bd,40308dceb3,J_level_seoul,2026-09-28,성북구,4,0.011352,0.012049,0.003021,0.016630,0.000000,0.016324,116.878534
bae96616bd,40308dceb3,J_level_seoul,2026-09-28,송파구,4,0.002397,0.003094,-0.006580,0.008084,0.000000,0.005919,106.537648
bae96616bd,40308dceb3,J_level_seoul,2026-09-28,수도권,4,0.006509,0.006509,0.004035,0.008077,0.000000,0.006514,106.189129
bae96616bd,40308dceb3,J_level_seoul,2026-09-28,양천구,4,0.002966,0.003662,-0.003147,0.006838,0.000000,0.005483,106.075915
bae96616bd,40308dceb3,J_level_seoul,2026-09-28,영등포구,4,0.003995,0.004692,-0.004573,0.009423,0.000000,0.010044,111.925732
bae96616bd,40308dceb3,J_level_seoul,2026-09-28,용산구,4,0.001638,0.002335,-0.004123,0.005287,0.000000,0.002916,104.809360
bae96616bd,40308dceb3,J_level_seoul,2026-09-28,은평구,4,0.006343,0.007039,0.000307,0.010166,0.000000,0.009344,109.003024
bae96616bd,40308dceb3,J_level_seoul,2026-09-28,전국,4,0.003258,0.003258,0.001966,0.004077,0.000000,0.003355,103.243858
bae96616bd,40308dceb3,J_level_seoul,2026-09-28,종로구,4,0.010072,0.010768,0.000315,0.016252,0.000000,0.010857,110.109531
bae96616bd,40308dceb3,J_level_seoul,2026-09-28,중구,4,0.003536,0.004233,-0.005071,0.008989,0.000000,0.009821,109.450045
bae96616bd,40308dceb3,J_level_seoul,2026-09-28,중랑구,4,0.011550,0.012247,-0.001426,0.019771,0.000000,0.014801,112.370595
bae96616bd,40308dceb3,J_level_seoul,2026-09-28,6개광역시,8,0.000952,0.000952,-0.000295,0.001656,0.000000,0.000039,100.253244
bae96616bd,40308dceb3,J_level_seoul,2026-09-28,강남11개구,8,0.007286,0.009015,-0.005020,0.014243,0.000000,0.014328,108.016893
bae96616bd,40308dceb3,J_level_seoul,2026-09-28,강남구,8,-0.004891,-0.003162,-0.021084,0.004264,0.000000,-0.000934,99.882420
bae96616bd,40308dceb3,J_level_seoul,2026-09-28,강동구,8,0.008116,0.009845,-0.018070,0.022922,0.000000,0.016106,109.894874
bae96616bd,40308dceb3,J_level_seoul,2026-09-28,강북14개구,8,0.015897,0.017626,0.004518,0.022331,0.000000,0.022776,111.607125
bae96616bd,40308dceb3,J_level_seoul,2026-09-28,강북구,8,0.017908,0.019637,-0.007352,0.032189,0.000000,0.026809,113.363985
bae96616bd,40308dceb3,J_level_seoul,2026-09-28,강서구,8,0.014243,0.015972,-0.006994,0.026249,0.000000,0.028259,115.907499
bae96616bd,40308dceb3,J_level_seoul,2026-09-28,관악구,8,0.013236,0.014965,-0.004922,0.023502,0.000000,0.019509,112.803170
bae96616bd,40308dceb3,J_level_seoul,2026-09-28,광진구,8,0.006633,0.008362,-0.025303,0.024690,0.000000,0.017958,109.183528
bae96616bd,40308dceb3,J_level_seoul,2026-09-28,구로구,8,0.017626,0.019355,-0.000847,0.028071,0.000000,0.024961,112.980613
bae96616bd,40308dceb3,J_level_seoul,2026-09-28,금천구,8,0.012591,0.014320,0.000193,0.019600,0.000000,0.014165,105.467328
bae96616bd,40308dceb3,J_level_seoul,2026-09-28,기타지방,8,0.002512,0.002512,0.001104,0.003309,0.000000,0.001057,100.627246
bae96616bd,40308dceb3,J_level_seoul,2026-09-28,노원구,8,0.023647,0.025376,0.005029,0.034174,0.000000,0.027604,113.519355
bae96616bd,40308dceb3,J_level_seoul,2026-09-28,도봉구,8,0.017483,0.019212,0.003773,0.025234,0.000000,0.019539,107.981241
bae96616bd,40308dceb3,J_level_seoul,2026-09-28,동대문구,8,0.021015,0.022745,-0.000340,0.033089,0.000000,0.029580,115.801559
bae96616bd,40308dceb3,J_level_seoul,2026-09-28,동작구,8,0.012778,0.014508,-0.008839,0.025001,0.000000,0.021734,111.366342
bae96616bd,40308dceb3,J_level_seoul,2026-09-28,마포구,8,0.007280,0.009009,-0.013627,0.019101,0.000000,0.013837,108.426432
bae96616bd,40308dceb3,J_level_seoul,2026-09-28,서대문구,8,0.013175,0.014904,-0.006329,0.024203,0.000000,0.021844,113.049739
bae96616bd,40308dceb3,J_level_seoul,2026-09-28,서울특별시,8,0.011464,0.013193,0.000439,0.017696,0.000000,0.018321,109.699319
bae96616bd,40308dceb3,J_level_seoul,2026-09-28,서초구,8,0.001804,0.003533,-0.010105,0.008536,0.000000,0.004564,103.022029
bae96616bd,40308dceb3,J_level_seoul,2026-09-28,성동구,8,0.005606,0.007335,-0.018680,0.019337,0.000000,0.013958,109.233666
bae96616bd,40308dceb3,J_level_seoul,2026-09-28,성북구,8,0.021061,0.022790,0.002563,0.031520,0.000000,0.032648,116.878534
bae96616bd,40308dceb3,J_level_seoul,2026-09-28,송파구,8,0.004561,0.006291,-0.015370,0.015831,0.000000,0.011839,106.537648
bae96616bd,40308dceb3,J_level_seoul,2026-09-28,수도권,8,0.013952,0.013952,0.008458,0.017058,0.000000,0.013028,106.189129
bae96616bd,40308dceb3,J_level_seoul,2026-09-28,양천구,8,0.005769,0.007498,-0.007802,0.013442,0.000000,0.010967,106.075915
bae96616bd,40308dceb3,J_level_seoul,2026-09-28,영등포구,8,0.007902,0.009631,-0.011122,0.018658,0.000000,0.020089,111.925732
bae96616bd,40308dceb3,J_level_seoul,2026-09-28,용산구,8,0.004388,0.006117,-0.008403,0.011619,0.000000,0.005831,104.809360
bae96616bd,40308dceb3,J_level_seoul,2026-09-28,은평구,8,0.013006,0.014735,-0.000395,0.020583,0.000000,0.018687,109.003024
bae96616bd,40308dceb3,J_level_seoul,2026-09-28,전국,8,0.006588,0.006588,0.003719,0.008210,0.000000,0.006711,103.243858
bae96616bd,40308dceb3,J_level_seoul,2026-09-28,종로구,8,0.018426,0.020156,-0.003236,0.030674,0.000000,0.021714,110.109531
bae96616bd,40308dceb3,J_level_seoul,2026-09-28,중구,8,0.007323,0.009052,-0.011788,0.018128,0.000000,0.019642,109.450045
bae96616bd,40308dceb3,J_level_seoul,2026-09-28,중랑구,8,0.021953,0.023682,-0.006859,0.038242,0.000000,0.029602,112.370595
bae96616bd,40308dceb3,J_level_seoul,2026-09-28,6개광역시,13,0.001714,0.001714,-0.000408,0.002877,0.000000,0.000064,100.253244
bae96616bd,40308dceb3,J_level_seoul,2026-09-28,강남11개구,13,0.011307,0.014787,-0.009639,0.022794,0.000000,0.023282,108.016893
bae96616bd,40308dceb3,J_level_seoul,2026-09-28,강남구,13,-0.007673,-0.004192,-0.035235,0.007443,0.000000,-0.001518,99.882420
bae96616bd,40308dceb3,J_level_seoul,2026-09-28,강동구,13,0.012364,0.015845,-0.032209,0.036810,0.000000,0.026172,109.894874
bae96616bd,40308dceb3,J_level_seoul,2026-09-28,강북14개구,13,0.026017,0.029497,0.006648,0.036640,0.000000,0.037012,111.607125
bae96616bd,40308dceb3,J_level_seoul,2026-09-28,강북구,13,0.029583,0.033064,-0.013412,0.053164,0.000000,0.043564,113.363985
bae96616bd,40308dceb3,J_level_seoul,2026-09-28,강서구,13,0.022054,0.025535,-0.014092,0.041879,0.000000,0.045920,115.907499
bae96616bd,40308dceb3,J_level_seoul,2026-09-28,관악구,13,0.019368,0.022848,-0.011539,0.036318,0.000000,0.031702,112.803170
bae96616bd,40308dceb3,J_level_seoul,2026-09-28,광진구,13,0.010349,0.013829,-0.044011,0.040162,0.000000,0.029182,109.183528
bae96616bd,40308dceb3,J_level_seoul,2026-09-28,구로구,13,0.025808,0.029289,-0.005636,0.043053,0.000000,0.040562,112.980613
bae96616bd,40308dceb3,J_level_seoul,2026-09-28,금천구,13,0.019711,0.023192,-0.001391,0.031284,0.000000,0.023019,105.467328
bae96616bd,40308dceb3,J_level_seoul,2026-09-28,기타지방,13,0.004875,0.004875,0.002477,0.006190,0.000000,0.001717,100.627246
bae96616bd,40308dceb3,J_level_seoul,2026-09-28,노원구,13,0.038882,0.042362,0.007191,0.056262,0.000000,0.044856,113.519355
bae96616bd,40308dceb3,J_level_seoul,2026-09-28,도봉구,13,0.028811,0.032292,0.005476,0.041610,0.000000,0.031750,107.981241
bae96616bd,40308dceb3,J_level_seoul,2026-09-28,동대문구,13,0.032878,0.036358,-0.003472,0.052813,0.000000,0.048067,115.801559
bae96616bd,40308dceb3,J_level_seoul,2026-09-28,동작구,13,0.017893,0.021374,-0.018902,0.038073,0.000000,0.035317,111.366342
bae96616bd,40308dceb3,J_level_seoul,2026-09-28,마포구,13,0.011827,0.015308,-0.023759,0.031344,0.000000,0.022484,108.426432
bae96616bd,40308dceb3,J_level_seoul,2026-09-28,서대문구,13,0.021052,0.024532,-0.012147,0.039259,0.000000,0.035497,113.049739
bae96616bd,40308dceb3,J_level_seoul,2026-09-28,서울특별시,13,0.018765,0.022246,0.000001,0.029056,0.000000,0.029772,109.699319
bae96616bd,40308dceb3,J_level_seoul,2026-09-28,서초구,13,0.002305,0.005786,-0.017964,0.013422,0.000000,0.007417,103.022029
bae96616bd,40308dceb3,J_level_seoul,2026-09-28,성동구,13,0.008191,0.011671,-0.033148,0.030862,0.000000,0.022681,109.233666
bae96616bd,40308dceb3,J_level_seoul,2026-09-28,성북구,13,0.033467,0.036947,0.001981,0.050735,0.000000,0.053054,116.878534
bae96616bd,40308dceb3,J_level_seoul,2026-09-28,송파구,13,0.006345,0.009825,-0.027581,0.024951,0.000000,0.019238,106.537648
bae96616bd,40308dceb3,J_level_seoul,2026-09-28,수도권,13,0.022779,0.022779,0.013427,0.027907,0.000000,0.021170,106.189129
bae96616bd,40308dceb3,J_level_seoul,2026-09-28,양천구,13,0.008530,0.012011,-0.014569,0.021199,0.000000,0.017821,106.075915
bae96616bd,40308dceb3,J_level_seoul,2026-09-28,영등포구,13,0.012276,0.015756,-0.020105,0.030035,0.000000,0.032644,111.925732
bae96616bd,40308dceb3,J_level_seoul,2026-09-28,용산구,13,0.006384,0.009864,-0.015387,0.018324,0.000000,0.009476,104.809360
bae96616bd,40308dceb3,J_level_seoul,2026-09-28,은평구,13,0.021341,0.024821,-0.001470,0.033851,0.000000,0.030367,109.003024
bae96616bd,40308dceb3,J_level_seoul,2026-09-28,전국,13,0.011854,0.011854,0.006970,0.014532,0.000000,0.010905,103.243858
bae96616bd,40308dceb3,J_level_seoul,2026-09-28,종로구,13,0.031079,0.034560,-0.005792,0.051301,0.000000,0.035285,110.109531
bae96616bd,40308dceb3,J_level_seoul,2026-09-28,중구,13,0.012266,0.015747,-0.020262,0.030106,0.000000,0.031919,109.450045
bae96616bd,40308dceb3,J_level_seoul,2026-09-28,중랑구,13,0.034353,0.037833,-0.014688,0.061249,0.000000,0.048104,112.370595
bae96616bd,40308dceb3,J_level_seoul,2026-09-28,6개광역시,20,0.002786,0.002786,-0.001051,0.004928,0.000000,0.000098,100.253244
bae96616bd,40308dceb3,J_level_seoul,2026-09-28,강남11개구,20,0.015915,0.022877,-0.021959,0.037066,0.000000,0.035819,108.016893
bae96616bd,40308dceb3,J_level_seoul,2026-09-28,강남구,20,-0.011023,-0.004061,-0.060861,0.016810,0.000000,-0.002335,99.882420
bae96616bd,40308dceb3,J_level_seoul,2026-09-28,강동구,20,0.016707,0.023669,-0.063891,0.061717,0.000000,0.040264,109.894874
bae96616bd,40308dceb3,J_level_seoul,2026-09-28,강북14개구,20,0.038902,0.045864,0.003878,0.058461,0.000000,0.056941,111.607125
bae96616bd,40308dceb3,J_level_seoul,2026-09-28,강북구,20,0.041081,0.048043,-0.036663,0.084498,0.000000,0.067022,113.363985
bae96616bd,40308dceb3,J_level_seoul,2026-09-28,강서구,20,0.032025,0.038988,-0.033335,0.068527,0.000000,0.070647,115.907499
bae96616bd,40308dceb3,J_level_seoul,2026-09-28,관악구,20,0.028111,0.035073,-0.027776,0.059322,0.000000,0.048772,112.803170
bae96616bd,40308dceb3,J_level_seoul,2026-09-28,광진구,20,0.016143,0.023105,-0.082152,0.071037,0.000000,0.044895,109.183528
bae96616bd,40308dceb3,J_level_seoul,2026-09-28,구로구,20,0.036575,0.043537,-0.020282,0.068328,0.000000,0.062402,112.980613
bae96616bd,40308dceb3,J_level_seoul,2026-09-28,금천구,20,0.028557,0.035519,-0.009601,0.049866,0.000000,0.035413,105.467328
bae96616bd,40308dceb3,J_level_seoul,2026-09-28,기타지방,20,0.007453,0.007453,0.003117,0.009874,0.000000,0.002642,100.627246
bae96616bd,40308dceb3,J_level_seoul,2026-09-28,노원구,20,0.055045,0.062007,-0.002258,0.087047,0.000000,0.069010,113.519355
bae96616bd,40308dceb3,J_level_seoul,2026-09-28,도봉구,20,0.040971,0.047933,-0.001225,0.064536,0.000000,0.048847,107.981241
bae96616bd,40308dceb3,J_level_seoul,2026-09-28,동대문구,20,0.047630,0.054593,-0.018097,0.084337,0.000000,0.073949,115.801559
bae96616bd,40308dceb3,J_level_seoul,2026-09-28,동작구,20,0.024285,0.031247,-0.042249,0.061441,0.000000,0.054335,111.366342
bae96616bd,40308dceb3,J_level_seoul,2026-09-28,마포구,20,0.016014,0.022976,-0.048334,0.051949,0.000000,0.034591,108.426432
bae96616bd,40308dceb3,J_level_seoul,2026-09-28,서대문구,20,0.031712,0.038674,-0.028319,0.065237,0.000000,0.054610,113.049739
bae96616bd,40308dceb3,J_level_seoul,2026-09-28,서울특별시,20,0.026603,0.033566,-0.007327,0.045552,0.000000,0.045804,109.699319
bae96616bd,40308dceb3,J_level_seoul,2026-09-28,서초구,20,0.002684,0.009647,-0.033967,0.023153,0.000000,0.011410,103.022029
bae96616bd,40308dceb3,J_level_seoul,2026-09-28,성동구,20,0.011154,0.018116,-0.063595,0.052899,0.000000,0.034895,109.233666
bae96616bd,40308dceb3,J_level_seoul,2026-09-28,성북구,20,0.046646,0.053608,-0.010288,0.078441,0.000000,0.081621,116.878534
bae96616bd,40308dceb3,J_level_seoul,2026-09-28,송파구,20,0.006551,0.013514,-0.054795,0.040811,0.000000,0.029597,106.537648
bae96616bd,40308dceb3,J_level_seoul,2026-09-28,수도권,20,0.035195,0.035195,0.018286,0.044638,0.000000,0.032570,106.189129
bae96616bd,40308dceb3,J_level_seoul,2026-09-28,양천구,20,0.011338,0.018300,-0.030431,0.034664,0.000000,0.027417,106.075915
bae96616bd,40308dceb3,J_level_seoul,2026-09-28,영등포구,20,0.018497,0.025459,-0.040055,0.051196,0.000000,0.050221,111.925732
bae96616bd,40308dceb3,J_level_seoul,2026-09-28,용산구,20,0.009454,0.016417,-0.029912,0.031439,0.000000,0.014578,104.809360
bae96616bd,40308dceb3,J_level_seoul,2026-09-28,은평구,20,0.032964,0.039926,-0.008283,0.055998,0.000000,0.046718,109.003024
bae96616bd,40308dceb3,J_level_seoul,2026-09-28,전국,20,0.019616,0.019616,0.010786,0.024547,0.000000,0.016777,103.243858
bae96616bd,40308dceb3,J_level_seoul,2026-09-28,종로구,20,0.046396,0.053359,-0.020276,0.083630,0.000000,0.054285,110.109531
bae96616bd,40308dceb3,J_level_seoul,2026-09-28,중구,20,0.020484,0.027446,-0.038335,0.053332,0.000000,0.049106,109.450045
bae96616bd,40308dceb3,J_level_seoul,2026-09-28,중랑구,20,0.050456,0.057418,-0.038220,0.099978,0.000000,0.074006,112.370595
bae96616bd,40308dceb3,J_level_seoul,2026-09-28,6개광역시,26,0.004862,0.004862,-0.000399,0.007884,0.000000,0.000128,100.253244
bae96616bd,40308dceb3,J_level_seoul,2026-09-28,강남11개구,26,0.022253,0.031573,-0.029687,0.052089,0.000000,0.046564,108.016893
bae96616bd,40308dceb3,J_level_seoul,2026-09-28,강남구,26,-0.009641,-0.000320,-0.077987,0.029620,0.000000,-0.003035,99.882420
bae96616bd,40308dceb3,J_level_seoul,2026-09-28,강동구,26,0.019974,0.029294,-0.090556,0.083467,0.000000,0.052344,109.894874
bae96616bd,40308dceb3,J_level_seoul,2026-09-28,강북14개구,26,0.050888,0.060208,0.002857,0.078479,0.000000,0.074023,111.607125
bae96616bd,40308dceb3,J_level_seoul,2026-09-28,강북구,26,0.054797,0.064118,-0.051820,0.116043,0.000000,0.087129,113.363985
bae96616bd,40308dceb3,J_level_seoul,2026-09-28,강서구,26,0.037381,0.046702,-0.052253,0.088871,0.000000,0.091841,115.907499
bae96616bd,40308dceb3,J_level_seoul,2026-09-28,관악구,26,0.032132,0.041452,-0.044510,0.076158,0.000000,0.063404,112.803170
bae96616bd,40308dceb3,J_level_seoul,2026-09-28,광진구,26,0.024933,0.034254,-0.109866,0.102368,0.000000,0.058364,109.183528
bae96616bd,40308dceb3,J_level_seoul,2026-09-28,구로구,26,0.043686,0.053006,-0.034287,0.088476,0.000000,0.081123,112.980613
bae96616bd,40308dceb3,J_level_seoul,2026-09-28,금천구,26,0.035488,0.044808,-0.016840,0.065548,0.000000,0.046037,105.467328
bae96616bd,40308dceb3,J_level_seoul,2026-09-28,기타지방,26,0.010364,0.010364,0.004418,0.013780,0.000000,0.003434,100.627246
bae96616bd,40308dceb3,J_level_seoul,2026-09-28,노원구,26,0.070624,0.079945,-0.007961,0.115767,0.000000,0.089712,113.519355
bae96616bd,40308dceb3,J_level_seoul,2026-09-28,도봉구,26,0.054440,0.063761,-0.003426,0.087681,0.000000,0.063501,107.981241
bae96616bd,40308dceb3,J_level_seoul,2026-09-28,동대문구,26,0.057360,0.066681,-0.032777,0.109140,0.000000,0.096134,115.801559
bae96616bd,40308dceb3,J_level_seoul,2026-09-28,동작구,26,0.026094,0.035415,-0.065149,0.078508,0.000000,0.070635,111.366342
bae96616bd,40308dceb3,J_level_seoul,2026-09-28,마포구,26,0.025488,0.034809,-0.062756,0.076180,0.000000,0.044969,108.426432
bae96616bd,40308dceb3,J_level_seoul,2026-09-28,서대문구,26,0.041259,0.050580,-0.041066,0.088550,0.000000,0.070993,113.049739
bae96616bd,40308dceb3,J_level_seoul,2026-09-28,서울특별시,26,0.032250,0.041571,-0.014281,0.058980,0.000000,0.059545,109.699319
bae96616bd,40308dceb3,J_level_seoul,2026-09-28,서초구,26,0.006719,0.016039,-0.043544,0.035592,0.000000,0.014833,103.022029
bae96616bd,40308dceb3,J_level_seoul,2026-09-28,성동구,26,0.019098,0.028418,-0.083411,0.077984,0.000000,0.045363,109.233666
bae96616bd,40308dceb3,J_level_seoul,2026-09-28,성북구,26,0.059360,0.068680,-0.018718,0.104211,0.000000,0.106107,116.878534
bae96616bd,40308dceb3,J_level_seoul,2026-09-28,송파구,26,0.012552,0.021873,-0.071576,0.060879,0.000000,0.038476,106.537648
bae96616bd,40308dceb3,J_level_seoul,2026-09-28,수도권,26,0.044285,0.044285,0.021096,0.057606,0.000000,0.042341,106.189129
bae96616bd,40308dceb3,J_level_seoul,2026-09-28,양천구,26,0.018518,0.027838,-0.038763,0.051423,0.000000,0.035643,106.075915
bae96616bd,40308dceb3,J_level_seoul,2026-09-28,영등포구,26,0.021620,0.030940,-0.058678,0.067746,0.000000,0.065288,111.925732
bae96616bd,40308dceb3,J_level_seoul,2026-09-28,용산구,26,0.015714,0.025035,-0.038272,0.046726,0.000000,0.018952,104.809360
bae96616bd,40308dceb3,J_level_seoul,2026-09-28,은평구,26,0.043698,0.053018,-0.012867,0.076191,0.000000,0.060734,109.003024
bae96616bd,40308dceb3,J_level_seoul,2026-09-28,전국,26,0.027353,0.027353,0.015243,0.034309,0.000000,0.021810,103.243858
bae96616bd,40308dceb3,J_level_seoul,2026-09-28,종로구,26,0.057691,0.067011,-0.033742,0.110214,0.000000,0.070570,110.109531
bae96616bd,40308dceb3,J_level_seoul,2026-09-28,중구,26,0.030663,0.039983,-0.050000,0.076999,0.000000,0.063838,109.450045
bae96616bd,40308dceb3,J_level_seoul,2026-09-28,중랑구,26,0.064622,0.073942,-0.056987,0.134479,0.000000,0.096207,112.370595
bae96616bd,40308dceb3,J_level_seoul,2026-09-28,6개광역시,39,0.010113,0.010113,0.001657,0.015155,0.000000,0.000192,100.253244
bae96616bd,40308dceb3,J_level_seoul,2026-09-28,강남11개구,39,0.039925,0.052633,-0.043558,0.089702,0.000000,0.069847,108.016893
bae96616bd,40308dceb3,J_level_seoul,2026-09-28,강남구,39,-0.001683,0.011025,-0.111537,0.063816,0.000000,-0.004553,99.882420
bae96616bd,40308dceb3,J_level_seoul,2026-09-28,강동구,39,0.029362,0.042070,-0.148294,0.135288,0.000000,0.078515,109.894874
bae96616bd,40308dceb3,J_level_seoul,2026-09-28,강북14개구,39,0.066449,0.079157,-0.010752,0.112479,0.000000,0.111035,111.607125
bae96616bd,40308dceb3,J_level_seoul,2026-09-28,강북구,39,0.071544,0.084253,-0.099822,0.173721,0.000000,0.130693,113.363985
bae96616bd,40308dceb3,J_level_seoul,2026-09-28,강서구,39,0.047818,0.060526,-0.096253,0.133719,0.000000,0.137761,115.907499
bae96616bd,40308dceb3,J_level_seoul,2026-09-28,관악구,39,0.041221,0.053929,-0.081967,0.114671,0.000000,0.095105,112.803170
bae96616bd,40308dceb3,J_level_seoul,2026-09-28,광진구,39,0.040296,0.053004,-0.176369,0.169481,0.000000,0.087546,109.183528
bae96616bd,40308dceb3,J_level_seoul,2026-09-28,구로구,39,0.054112,0.066820,-0.071215,0.128837,0.000000,0.121685,112.980613
bae96616bd,40308dceb3,J_level_seoul,2026-09-28,금천구,39,0.053898,0.066606,-0.030210,0.104046,0.000000,0.069056,105.467328
bae96616bd,40308dceb3,J_level_seoul,2026-09-28,기타지방,39,0.016345,0.016345,0.006788,0.022044,0.000000,0.005152,100.627246
bae96616bd,40308dceb3,J_level_seoul,2026-09-28,노원구,39,0.087449,0.100157,-0.038862,0.162760,0.000000,0.134569,113.519355
bae96616bd,40308dceb3,J_level_seoul,2026-09-28,도봉구,39,0.072917,0.085625,-0.020093,0.128373,0.000000,0.095251,107.981241
bae96616bd,40308dceb3,J_level_seoul,2026-09-28,동대문구,39,0.076911,0.089619,-0.067968,0.163294,0.000000,0.144201,115.801559
bae96616bd,40308dceb3,J_level_seoul,2026-09-28,동작구,39,0.035626,0.048334,-0.111030,0.123068,0.000000,0.105952,111.366342
bae96616bd,40308dceb3,J_level_seoul,2026-09-28,마포구,39,0.039755,0.052463,-0.102082,0.124324,0.000000,0.067453,108.426432
bae96616bd,40308dceb3,J_level_seoul,2026-09-28,서대문구,39,0.058375,0.071083,-0.073946,0.137271,0.000000,0.106490,113.049739
bae96616bd,40308dceb3,J_level_seoul,2026-09-28,서울특별시,39,0.049623,0.062332,-0.025167,0.094216,0.000000,0.089317,109.699319
bae96616bd,40308dceb3,J_level_seoul,2026-09-28,서초구,39,0.013223,0.025931,-0.067566,0.061392,0.000000,0.022250,103.022029
bae96616bd,40308dceb3,J_level_seoul,2026-09-28,성동구,39,0.025815,0.038523,-0.138949,0.124055,0.000000,0.068044,109.233666
bae96616bd,40308dceb3,J_level_seoul,2026-09-28,성북구,39,0.075865,0.088573,-0.049630,0.150690,0.000000,0.159161,116.878534
bae96616bd,40308dceb3,J_level_seoul,2026-09-28,송파구,39,0.021376,0.034084,-0.113845,0.102000,0.000000,0.057714,106.537648
bae96616bd,40308dceb3,J_level_seoul,2026-09-28,수도권,39,0.066961,0.066961,0.029689,0.089184,0.000000,0.063511,106.189129
bae96616bd,40308dceb3,J_level_seoul,2026-09-28,양천구,39,0.036358,0.049066,-0.055711,0.091253,0.000000,0.053464,106.075915
bae96616bd,40308dceb3,J_level_seoul,2026-09-28,영등포구,39,0.034194,0.046903,-0.094869,0.111147,0.000000,0.097932,111.925732
bae96616bd,40308dceb3,J_level_seoul,2026-09-28,용산구,39,0.024311,0.037019,-0.062462,0.076049,0.000000,0.028427,104.809360
bae96616bd,40308dceb3,J_level_seoul,2026-09-28,은평구,39,0.062687,0.075395,-0.028231,0.116896,0.000000,0.091101,109.003024
bae96616bd,40308dceb3,J_level_seoul,2026-09-28,전국,39,0.051445,0.051445,0.031981,0.063049,0.000000,0.032715,103.243858
bae96616bd,40308dceb3,J_level_seoul,2026-09-28,종로구,39,0.077710,0.090418,-0.069251,0.165334,0.000000,0.105855,110.109531
bae96616bd,40308dceb3,J_level_seoul,2026-09-28,중구,39,0.050496,0.063204,-0.079154,0.127799,0.000000,0.095757,109.450045
bae96616bd,40308dceb3,J_level_seoul,2026-09-28,중랑구,39,0.085024,0.097732,-0.110439,0.201567,0.000000,0.144311,112.370595
bae96616bd,40308dceb3,J_level_seoul,2026-09-28,6개광역시,52,0.014635,0.014635,0.003171,0.023131,0.000000,0.000255,100.253244
bae96616bd,40308dceb3,J_level_seoul,2026-09-28,강남11개구,52,0.053297,0.070056,-0.059875,0.137179,0.000000,0.093129,108.016893
bae96616bd,40308dceb3,J_level_seoul,2026-09-28,강남구,52,0.004338,0.021097,-0.144582,0.114716,0.000000,-0.006070,99.882420
bae96616bd,40308dceb3,J_level_seoul,2026-09-28,강동구,52,0.040229,0.056988,-0.200604,0.218733,0.000000,0.104687,109.894874
bae96616bd,40308dceb3,J_level_seoul,2026-09-28,강북14개구,52,0.077892,0.094651,-0.026762,0.155461,0.000000,0.148046,111.607125
bae96616bd,40308dceb3,J_level_seoul,2026-09-28,강북구,52,0.088071,0.104830,-0.144236,0.260255,0.000000,0.174257,113.363985
bae96616bd,40308dceb3,J_level_seoul,2026-09-28,강서구,52,0.057184,0.073942,-0.138121,0.201941,0.000000,0.183681,115.907499
bae96616bd,40308dceb3,J_level_seoul,2026-09-28,관악구,52,0.049362,0.066120,-0.117634,0.173137,0.000000,0.126807,112.803170
bae96616bd,40308dceb3,J_level_seoul,2026-09-28,광진구,52,0.057886,0.074644,-0.235829,0.275584,0.000000,0.116727,109.183528
bae96616bd,40308dceb3,J_level_seoul,2026-09-28,구로구,52,0.060310,0.077069,-0.109584,0.186235,0.000000,0.162246,112.980613
bae96616bd,40308dceb3,J_level_seoul,2026-09-28,금천구,52,0.067112,0.083871,-0.046906,0.151621,0.000000,0.092074,105.467328
bae96616bd,40308dceb3,J_level_seoul,2026-09-28,기타지방,52,0.022602,0.022602,0.009645,0.032205,0.000000,0.006869,100.627246
bae96616bd,40308dceb3,J_level_seoul,2026-09-28,노원구,52,0.102273,0.119032,-0.068955,0.229186,0.000000,0.179425,113.519355
bae96616bd,40308dceb3,J_level_seoul,2026-09-28,도봉구,52,0.088336,0.105095,-0.037750,0.181789,0.000000,0.127002,107.981241
bae96616bd,40308dceb3,J_level_seoul,2026-09-28,동대문구,52,0.083393,0.100152,-0.113008,0.228964,0.000000,0.192268,115.801559
bae96616bd,40308dceb3,J_level_seoul,2026-09-28,동작구,52,0.047392,0.064151,-0.151417,0.194748,0.000000,0.141270,111.366342
bae96616bd,40308dceb3,J_level_seoul,2026-09-28,마포구,52,0.053108,0.069867,-0.139169,0.195621,0.000000,0.089938,108.426432
bae96616bd,40308dceb3,J_level_seoul,2026-09-28,서대문구,52,0.066186,0.082945,-0.113191,0.199139,0.000000,0.141987,113.049739
bae96616bd,40308dceb3,J_level_seoul,2026-09-28,서울특별시,52,0.059460,0.076218,-0.041927,0.134606,0.000000,0.119089,109.699319
bae96616bd,40308dceb3,J_level_seoul,2026-09-28,서초구,52,0.025828,0.042587,-0.083690,0.107002,0.000000,0.029667,103.022029
bae96616bd,40308dceb3,J_level_seoul,2026-09-28,성동구,52,0.044736,0.061495,-0.178621,0.210287,0.000000,0.090726,109.233666
bae96616bd,40308dceb3,J_level_seoul,2026-09-28,성북구,52,0.084141,0.100900,-0.085982,0.210235,0.000000,0.212214,116.878534
bae96616bd,40308dceb3,J_level_seoul,2026-09-28,송파구,52,0.038808,0.055567,-0.144500,0.174674,0.000000,0.076952,106.537648
bae96616bd,40308dceb3,J_level_seoul,2026-09-28,수도권,52,0.084797,0.084797,0.034270,0.122246,0.000000,0.084681,106.189129
bae96616bd,40308dceb3,J_level_seoul,2026-09-28,양천구,52,0.046626,0.063385,-0.078183,0.139134,0.000000,0.071285,106.075915
bae96616bd,40308dceb3,J_level_seoul,2026-09-28,영등포구,52,0.043335,0.060094,-0.131625,0.173013,0.000000,0.130575,111.925732
bae96616bd,40308dceb3,J_level_seoul,2026-09-28,용산구,52,0.044573,0.061332,-0.073058,0.131760,0.000000,0.037903,104.809360
bae96616bd,40308dceb3,J_level_seoul,2026-09-28,은평구,52,0.074075,0.090834,-0.049175,0.165427,0.000000,0.121467,109.003024
bae96616bd,40308dceb3,J_level_seoul,2026-09-28,전국,52,0.063959,0.063959,0.037574,0.083515,0.000000,0.043620,103.243858
bae96616bd,40308dceb3,J_level_seoul,2026-09-28,종로구,52,0.090800,0.107559,-0.108423,0.238462,0.000000,0.141140,110.109531
bae96616bd,40308dceb3,J_level_seoul,2026-09-28,중구,52,0.061399,0.078158,-0.114357,0.191668,0.000000,0.127675,109.450045
bae96616bd,40308dceb3,J_level_seoul,2026-09-28,중랑구,52,0.102383,0.119142,-0.162590,0.298778,0.000000,0.192415,112.370595
bae96616bd,40308dceb3,J_level_seoul,2026-09-28,6개광역시,78,0.024051,0.024051,0.008531,0.046598,0.000000,0.000383,100.253244
bae96616bd,40308dceb3,J_level_seoul,2026-09-28,강남11개구,78,0.046565,0.046565,-0.106650,0.269156,0.000000,0.139693,108.016893
bae96616bd,40308dceb3,J_level_seoul,2026-09-28,강남구,78,0.009369,0.009369,-0.192243,0.302271,0.000000,-0.009105,99.882420
bae96616bd,40308dceb3,J_level_seoul,2026-09-28,강동구,78,0.042303,0.042303,-0.283745,0.515985,0.000000,0.157031,109.894874
bae96616bd,40308dceb3,J_level_seoul,2026-09-28,강북14개구,78,0.073322,0.073322,-0.068362,0.279161,0.000000,0.222069,111.607125
bae96616bd,40308dceb3,J_level_seoul,2026-09-28,강북구,78,0.083729,0.083729,-0.230776,0.540642,0.000000,0.261386,113.363985
bae96616bd,40308dceb3,J_level_seoul,2026-09-28,강서구,78,0.050553,0.050553,-0.213856,0.434687,0.000000,0.275522,115.907499
bae96616bd,40308dceb3,J_level_seoul,2026-09-28,관악구,78,0.047305,0.047305,-0.178779,0.375759,0.000000,0.190211,112.803170
bae96616bd,40308dceb3,J_level_seoul,2026-09-28,광진구,78,0.059125,0.059125,-0.338515,0.636816,0.000000,0.175091,109.183528
bae96616bd,40308dceb3,J_level_seoul,2026-09-28,구로구,78,0.057765,0.057765,-0.172244,0.391922,0.000000,0.243370,112.980613
bae96616bd,40308dceb3,J_level_seoul,2026-09-28,금천구,78,0.060805,0.060805,-0.093556,0.285061,0.000000,0.138111,105.467328
bae96616bd,40308dceb3,J_level_seoul,2026-09-28,기타지방,78,0.033855,0.033855,0.016315,0.059338,0.000000,0.010303,100.627246
bae96616bd,40308dceb3,J_level_seoul,2026-09-28,노원구,78,0.095586,0.095586,-0.136229,0.432366,0.000000,0.269137,113.519355
bae96616bd,40308dceb3,J_level_seoul,2026-09-28,도봉구,78,0.086525,0.086525,-0.084174,0.334516,0.000000,0.190503,107.981241
bae96616bd,40308dceb3,J_level_seoul,2026-09-28,동대문구,78,0.077884,0.077884,-0.188010,0.464174,0.000000,0.288401,115.801559
bae96616bd,40308dceb3,J_level_seoul,2026-09-28,동작구,78,0.046157,0.046157,-0.222997,0.437184,0.000000,0.211905,111.366342
bae96616bd,40308dceb3,J_level_seoul,2026-09-28,마포구,78,0.055761,0.055761,-0.204549,0.433939,0.000000,0.134907,108.426432
bae96616bd,40308dceb3,J_level_seoul,2026-09-28,서대문구,78,0.067866,0.067866,-0.174981,0.420673,0.000000,0.212980,113.049739
bae96616bd,40308dceb3,J_level_seoul,2026-09-28,서울특별시,78,0.049718,0.049718,-0.087543,0.249129,0.000000,0.178634,109.699319
bae96616bd,40308dceb3,J_level_seoul,2026-09-28,서초구,78,0.033245,0.033245,-0.115024,0.248649,0.000000,0.044500,103.022029
bae96616bd,40308dceb3,J_level_seoul,2026-09-28,성동구,78,0.049463,0.049463,-0.252926,0.488772,0.000000,0.136089,109.233666
bae96616bd,40308dceb3,J_level_seoul,2026-09-28,성북구,78,0.084238,0.084238,-0.146080,0.418845,0.000000,0.318322,116.878534
bae96616bd,40308dceb3,J_level_seoul,2026-09-28,송파구,78,0.040940,0.040940,-0.207228,0.401478,0.000000,0.115428,106.537648
bae96616bd,40308dceb3,J_level_seoul,2026-09-28,수도권,78,0.070207,0.070207,0.001802,0.169584,0.000000,0.127022,106.189129
bae96616bd,40308dceb3,J_level_seoul,2026-09-28,양천구,78,0.041287,0.041287,-0.127684,0.286768,0.000000,0.106928,106.075915
bae96616bd,40308dceb3,J_level_seoul,2026-09-28,영등포구,78,0.042004,0.042004,-0.194863,0.386124,0.000000,0.195863,111.925732
bae96616bd,40308dceb3,J_level_seoul,2026-09-28,용산구,78,0.047667,0.047667,-0.111586,0.279029,0.000000,0.056855,104.809360
bae96616bd,40308dceb3,J_level_seoul,2026-09-28,은평구,78,0.074505,0.074505,-0.092355,0.316919,0.000000,0.182201,109.003024
bae96616bd,40308dceb3,J_level_seoul,2026-09-28,전국,78,0.055275,0.055275,0.019555,0.107170,0.000000,0.065430,103.243858
bae96616bd,40308dceb3,J_level_seoul,2026-09-28,종로구,78,0.083022,0.083022,-0.186692,0.474862,0.000000,0.211710,110.109531
bae96616bd,40308dceb3,J_level_seoul,2026-09-28,중구,78,0.058108,0.058108,-0.179836,0.403793,0.000000,0.191513,109.450045
bae96616bd,40308dceb3,J_level_seoul,2026-09-28,중랑구,78,0.094135,0.094135,-0.264593,0.615295,0.000000,0.288622,112.370595
bae96616bd,40308dceb3,J_level_seoul,2026-09-28,6개광역시,104,0.033503,0.033503,0.014658,0.071159,0.000000,0.000511,100.253244
bae96616bd,40308dceb3,J_level_seoul,2026-09-28,강남11개구,104,0.047953,0.047953,-0.138091,0.419706,0.000000,0.186258,108.016893
bae96616bd,40308dceb3,J_level_seoul,2026-09-28,강남구,104,0.013784,0.013784,-0.231026,0.502965,0.000000,-0.012140,99.882420
bae96616bd,40308dceb3,J_level_seoul,2026-09-28,강동구,104,0.042942,0.042942,-0.352966,0.834047,0.000000,0.209374,109.894874
bae96616bd,40308dceb3,J_level_seoul,2026-09-28,강북14개구,104,0.067639,0.067639,-0.104403,0.411415,0.000000,0.296092,111.607125
bae96616bd,40308dceb3,J_level_seoul,2026-09-28,강북구,104,0.078844,0.078844,-0.303048,0.841943,0.000000,0.348514,113.363985
bae96616bd,40308dceb3,J_level_seoul,2026-09-28,강서구,104,0.044924,0.044924,-0.276139,0.686472,0.000000,0.367362,115.907499
bae96616bd,40308dceb3,J_level_seoul,2026-09-28,관악구,104,0.042548,0.042548,-0.231977,0.591106,0.000000,0.253614,112.803170
bae96616bd,40308dceb3,J_level_seoul,2026-09-28,광진구,104,0.059841,0.059841,-0.422999,1.024654,0.000000,0.233455,109.183528
bae96616bd,40308dceb3,J_level_seoul,2026-09-28,구로구,104,0.050542,0.050542,-0.228749,0.608623,0.000000,0.324493,112.980613
bae96616bd,40308dceb3,J_level_seoul,2026-09-28,금천구,104,0.062557,0.062557,-0.124878,0.437091,0.000000,0.184148,105.467328
bae96616bd,40308dceb3,J_level_seoul,2026-09-28,기타지방,104,0.044335,0.044335,0.023036,0.086894,0.000000,0.013737,100.627246
bae96616bd,40308dceb3,J_level_seoul,2026-09-28,노원구,104,0.085504,0.085504,-0.195980,0.647966,0.000000,0.358850,113.519355
bae96616bd,40308dceb3,J_level_seoul,2026-09-28,도봉구,104,0.082692,0.082692,-0.124581,0.496866,0.000000,0.254003,107.981241
bae96616bd,40308dceb3,J_level_seoul,2026-09-28,동대문구,104,0.066476,0.066476,-0.256390,0.711626,0.000000,0.384535,115.801559
bae96616bd,40308dceb3,J_level_seoul,2026-09-28,동작구,104,0.042595,0.042595,-0.284229,0.695656,0.000000,0.282539,111.366342
bae96616bd,40308dceb3,J_level_seoul,2026-09-28,마포구,104,0.053797,0.053797,-0.262288,0.685399,0.000000,0.179875,108.426432
bae96616bd,40308dceb3,J_level_seoul,2026-09-28,서대문구,104,0.062837,0.062837,-0.232043,0.652068,0.000000,0.283974,113.049739
bae96616bd,40308dceb3,J_level_seoul,2026-09-28,서울특별시,104,0.047291,0.047291,-0.119380,0.380332,0.000000,0.238179,109.699319
bae96616bd,40308dceb3,J_level_seoul,2026-09-28,서초구,104,0.037818,0.037818,-0.142219,0.397569,0.000000,0.059334,103.022029
bae96616bd,40308dceb3,J_level_seoul,2026-09-28,성동구,104,0.048328,0.048328,-0.318851,0.782027,0.000000,0.181452,109.233666
bae96616bd,40308dceb3,J_level_seoul,2026-09-28,성북구,104,0.075010,0.075010,-0.204658,0.633842,0.000000,0.424429,116.878534
bae96616bd,40308dceb3,J_level_seoul,2026-09-28,송파구,104,0.045182,0.045182,-0.256160,0.647323,0.000000,0.153903,106.537648
bae96616bd,40308dceb3,J_level_seoul,2026-09-28,수도권,104,0.078126,0.078126,-0.004935,0.244098,0.000000,0.169362,106.189129
bae96616bd,40308dceb3,J_level_seoul,2026-09-28,양천구,104,0.042749,0.042749,-0.162426,0.452731,0.000000,0.142570,106.075915
bae96616bd,40308dceb3,J_level_seoul,2026-09-28,영등포구,104,0.041944,0.041944,-0.245675,0.616664,0.000000,0.261151,111.925732
bae96616bd,40308dceb3,J_level_seoul,2026-09-28,용산구,104,0.048225,0.048225,-0.145150,0.434627,0.000000,0.075806,104.809360
bae96616bd,40308dceb3,J_level_seoul,2026-09-28,은평구,104,0.073121,0.073121,-0.129491,0.477980,0.000000,0.242935,109.003024
bae96616bd,40308dceb3,J_level_seoul,2026-09-28,전국,104,0.066105,0.066105,0.022731,0.152775,0.000000,0.087241,103.243858
bae96616bd,40308dceb3,J_level_seoul,2026-09-28,종로구,104,0.074917,0.074917,-0.252587,0.729336,0.000000,0.282281,110.109531
bae96616bd,40308dceb3,J_level_seoul,2026-09-28,중구,104,0.057036,0.057036,-0.231891,0.634370,0.000000,0.255351,109.450045
bae96616bd,40308dceb3,J_level_seoul,2026-09-28,중랑구,104,0.086542,0.086542,-0.349049,0.956940,0.000000,0.384830,112.370595
