date,region,value,first_seen_utc,data_id,panel_last_date,collection_lag_days,late_collection
2026-09-21,전국,103.171658,2026-10-02,bae96616bd,2026-09-28,11,False
2026-09-21,서울특별시,109.525041,2026-10-02,bae96616bd,2026-09-28,11,False
2026-09-21,강북14개구,111.320156,2026-10-02,bae96616bd,2026-09-28,11,False
2026-09-21,강북구,113.092766,2026-10-02,bae96616bd,2026-09-28,11,False
2026-09-21,광진구,109.133065,2026-10-02,bae96616bd,2026-09-28,11,False
2026-09-21,노원구,113.093136,2026-10-02,bae96616bd,2026-09-28,11,False
2026-09-21,도봉구,107.745276,2026-10-02,bae96616bd,2026-09-28,11,False
2026-09-21,동대문구,115.139032,2026-10-02,bae96616bd,2026-09-28,11,False
2026-09-21,마포구,108.309408,2026-10-02,bae96616bd,2026-09-28,11,False
2026-09-21,서대문구,112.807700,2026-10-02,bae96616bd,2026-09-28,11,False
2026-09-21,성동구,109.187493,2026-10-02,bae96616bd,2026-09-28,11,False
2026-09-21,성북구,116.454308,2026-10-02,bae96616bd,2026-09-28,11,False
2026-09-21,용산구,104.802739,2026-10-02,bae96616bd,2026-09-28,11,False
2026-09-21,은평구,108.852872,2026-10-02,bae96616bd,2026-09-28,11,False
2026-09-21,종로구,109.747062,2026-10-02,bae96616bd,2026-09-28,11,False
2026-09-21,중구,109.426631,2026-10-02,bae96616bd,2026-09-28,11,False
2026-09-21,중랑구,111.935527,2026-10-02,bae96616bd,2026-09-28,11,False
2026-09-21,강남11개구,107.939882,2026-10-02,bae96616bd,2026-09-28,11,False
2026-09-21,강남구,100.048624,2026-10-02,bae96616bd,2026-09-28,11,False
2026-09-21,강동구,109.804578,2026-10-02,bae96616bd,2026-09-28,11,False
2026-09-21,강서구,115.741052,2026-10-02,bae96616bd,2026-09-28,11,False
2026-09-21,관악구,112.654526,2026-10-02,bae96616bd,2026-09-28,11,False
2026-09-21,구로구,112.634469,2026-10-02,bae96616bd,2026-09-28,11,False
2026-09-21,금천구,105.329544,2026-10-02,bae96616bd,2026-09-28,11,False
2026-09-21,동작구,111.127455,2026-10-02,bae96616bd,2026-09-28,11,False
2026-09-21,서초구,103.024938,2026-10-02,bae96616bd,2026-09-28,11,False
2026-09-21,송파구,106.483528,2026-10-02,bae96616bd,2026-09-28,11,False
2026-09-21,양천구,105.985421,2026-10-02,bae96616bd,2026-09-28,11,False
2026-09-21,영등포구,111.863734,2026-10-02,bae96616bd,2026-09-28,11,False
2026-09-21,6개광역시,100.253582,2026-10-02,bae96616bd,2026-09-28,11,False
2026-09-21,부산광역시,100.168668,2026-10-02,bae96616bd,2026-09-28,11,False
2026-09-21,부산광역시 중구,98.986917,2026-10-02,bae96616bd,2026-09-28,11,False
2026-09-21,부산광역시 서구,99.577250,2026-10-02,bae96616bd,2026-09-28,11,False
2026-09-21,부산광역시 동구,101.874113,2026-10-02,bae96616bd,2026-09-28,11,False
2026-09-21,영도구,97.013918,2026-10-02,bae96616bd,2026-09-28,11,False
2026-09-21,부산진구,100.587875,2026-10-02,bae96616bd,2026-09-28,11,False
2026-09-21,동래구,101.969234,2026-10-02,bae96616bd,2026-09-28,11,False
2026-09-21,부산광역시 남구,100.564137,2026-10-02,bae96616bd,2026-09-28,11,False
2026-09-21,부산광역시 북구,100.095470,2026-10-02,bae96616bd,2026-09-28,11,False
2026-09-21,해운대구,101.939491,2026-10-02,bae96616bd,2026-09-28,11,False
2026-09-21,사하구,98.675665,2026-10-02,bae96616bd,2026-09-28,11,False
2026-09-21,금정구,99.289541,2026-10-02,bae96616bd,2026-09-28,11,False
2026-09-21,연제구,100.198567,2026-10-02,bae96616bd,2026-09-28,11,False
2026-09-21,수영구,101.545554,2026-10-02,bae96616bd,2026-09-28,11,False
2026-09-21,사상구,97.815464,2026-10-02,bae96616bd,2026-09-28,11,False
2026-09-21,기장군,99.692699,2026-10-02,bae96616bd,2026-09-28,11,False
2026-09-21,부산광역시 강서구,98.351360,2026-10-02,bae96616bd,2026-09-28,11,False
2026-09-21,대구광역시,99.721946,2026-10-02,bae96616bd,2026-09-28,11,False
2026-09-21,대구광역시 중구,103.700405,2026-10-02,bae96616bd,2026-09-28,11,False
2026-09-21,대구광역시 동구,100.462834,2026-10-02,bae96616bd,2026-09-28,11,False
2026-09-21,대구광역시 서구,99.911691,2026-10-02,bae96616bd,2026-09-28,11,False
2026-09-21,대구광역시 남구,97.846665,2026-10-02,bae96616bd,2026-09-28,11,False
2026-09-21,대구광역시 북구,98.863405,2026-10-02,bae96616bd,2026-09-28,11,False
2026-09-21,수성구,100.509012,2026-10-02,bae96616bd,2026-09-28,11,False
2026-09-21,달서구,98.939309,2026-10-02,bae96616bd,2026-09-28,11,False
2026-09-21,달성군,99.712282,2026-10-02,bae96616bd,2026-09-28,11,False
2026-09-21,인천광역시,100.262908,2026-10-02,bae96616bd,2026-09-28,11,False
2026-09-21,인천광역시 중구,,2026-10-02,bae96616bd,2026-09-28,11,False
2026-09-21,인천광역시 동구,,2026-10-02,bae96616bd,2026-09-28,11,False
2026-09-21,미추홀구,100.267364,2026-10-02,bae96616bd,2026-09-28,11,False
2026-09-21,연수구,101.606105,2026-10-02,bae96616bd,2026-09-28,11,False
2026-09-21,남동구,100.237134,2026-10-02,bae96616bd,2026-09-28,11,False
2026-09-21,부평구,101.459193,2026-10-02,bae96616bd,2026-09-28,11,False
2026-09-21,계양구,98.534200,2026-10-02,bae96616bd,2026-09-28,11,False
2026-09-21,인천광역시 서구,,2026-10-02,bae96616bd,2026-09-28,11,False
2026-09-21,제물포구,99.499195,2026-10-02,bae96616bd,2026-09-28,11,False
2026-09-21,영종구,97.218719,2026-10-02,bae96616bd,2026-09-28,11,False
2026-09-21,서해구,100.150194,2026-10-02,bae96616bd,2026-09-28,11,False
2026-09-21,검단구,99.662150,2026-10-02,bae96616bd,2026-09-28,11,False
2026-09-21,전남광주통합특별시,99.581887,2026-10-02,bae96616bd,2026-09-28,11,False
2026-09-21,(구)광주광역시,98.241421,2026-10-02,bae96616bd,2026-09-28,11,False
2026-09-21,(구)광주광역시 동구,97.829920,2026-10-02,bae96616bd,2026-09-28,11,False
2026-09-21,(구)광주광역시 서구,97.314372,2026-10-02,bae96616bd,2026-09-28,11,False
2026-09-21,(구)광주광역시 남구,96.256501,2026-10-02,bae96616bd,2026-09-28,11,False
2026-09-21,(구)광주광역시 북구,98.711051,2026-10-02,bae96616bd,2026-09-28,11,False
2026-09-21,광산구,99.595719,2026-10-02,bae96616bd,2026-09-28,11,False
2026-09-21,대전광역시,101.440148,2026-10-02,bae96616bd,2026-09-28,11,False
2026-09-21,대전광역시 동구,100.030988,2026-10-02,bae96616bd,2026-09-28,11,False
2026-09-21,대전광역시 중구,99.262699,2026-10-02,bae96616bd,2026-09-28,11,False
2026-09-21,대전광역시 서구,104.122245,2026-10-02,bae96616bd,2026-09-28,11,False
2026-09-21,유성구,100.711653,2026-10-02,bae96616bd,2026-09-28,11,False
2026-09-21,대덕구,99.832278,2026-10-02,bae96616bd,2026-09-28,11,False
2026-09-21,울산광역시,103.249447,2026-10-02,bae96616bd,2026-09-28,11,False
2026-09-21,울산광역시 중구,103.275823,2026-10-02,bae96616bd,2026-09-28,11,False
2026-09-21,울산광역시 남구,104.009517,2026-10-02,bae96616bd,2026-09-28,11,False
2026-09-21,울산광역시 동구,100.714022,2026-10-02,bae96616bd,2026-09-28,11,False
2026-09-21,울산광역시 북구,103.155877,2026-10-02,bae96616bd,2026-09-28,11,False
2026-09-21,울주군,104.041709,2026-10-02,bae96616bd,2026-09-28,11,False
2026-09-21,5개광역시,100.250473,2026-10-02,bae96616bd,2026-09-28,11,False
2026-09-21,수도권,106.037882,2026-10-02,bae96616bd,2026-09-28,11,False
2026-09-21,세종특별자치시,100.630058,2026-10-02,bae96616bd,2026-09-28,11,False
2026-09-21,경기도,105.673303,2026-10-02,bae96616bd,2026-09-28,11,False
2026-09-21,수원시,111.799197,2026-10-02,bae96616bd,2026-09-28,11,False
2026-09-21,장안구,110.249840,2026-10-02,bae96616bd,2026-09-28,11,False
2026-09-21,권선구,107.873761,2026-10-02,bae96616bd,2026-09-28,11,False
2026-09-21,팔달구,111.207096,2026-10-02,bae96616bd,2026-09-28,11,False
2026-09-21,영통구,116.316623,2026-10-02,bae96616bd,2026-09-28,11,False
2026-09-21,성남시,113.518622,2026-10-02,bae96616bd,2026-09-28,11,False
2026-09-21,수정구,113.104630,2026-10-02,bae96616bd,2026-09-28,11,False
2026-09-21,중원구,116.644466,2026-10-02,bae96616bd,2026-09-28,11,False
2026-09-21,분당구,112.805774,2026-10-02,bae96616bd,2026-09-28,11,False
2026-09-21,고양시,99.392792,2026-10-02,bae96616bd,2026-09-28,11,False
2026-09-21,덕양구,102.423249,2026-10-02,bae96616bd,2026-09-28,11,False
2026-09-21,일산동구,97.843148,2026-10-02,bae96616bd,2026-09-28,11,False
2026-09-21,일산서구,96.850812,2026-10-02,bae96616bd,2026-09-28,11,False
2026-09-21,안양시,113.969640,2026-10-02,bae96616bd,2026-09-28,11,False
2026-09-21,만안구,108.094378,2026-10-02,bae96616bd,2026-09-28,11,False
2026-09-21,동안구,116.863891,2026-10-02,bae96616bd,2026-09-28,11,False
2026-09-21,부천시,103.949217,2026-10-02,bae96616bd,2026-09-28,11,False
2026-09-21,원미구,106.337104,2026-10-02,bae96616bd,2026-09-28,11,False
2026-09-21,소사구,101.566084,2026-10-02,bae96616bd,2026-09-28,11,False
2026-09-21,오정구,99.520197,2026-10-02,bae96616bd,2026-09-28,11,False
2026-09-21,의정부시,100.547019,2026-10-02,bae96616bd,2026-09-28,11,False
2026-09-21,광명시,120.516249,2026-10-02,bae96616bd,2026-09-28,11,False
2026-09-21,평택시,97.562908,2026-10-02,bae96616bd,2026-09-28,11,False
2026-09-21,안산시,100.993438,2026-10-02,bae96616bd,2026-09-28,11,False
2026-09-21,단원구,101.603152,2026-10-02,bae96616bd,2026-09-28,11,False
2026-09-21,상록구,100.140868,2026-10-02,bae96616bd,2026-09-28,11,False
2026-09-21,과천시,101.334475,2026-10-02,bae96616bd,2026-09-28,11,False
2026-09-21,구리시,113.679525,2026-10-02,bae96616bd,2026-09-28,11,False
2026-09-21,남양주시,103.995033,2026-10-02,bae96616bd,2026-09-28,11,False
2026-09-21,용인시,111.698416,2026-10-02,bae96616bd,2026-09-28,11,False
2026-09-21,처인구,102.562168,2026-10-02,bae96616bd,2026-09-28,11,False
2026-09-21,기흥구,108.875678,2026-10-02,bae96616bd,2026-09-28,11,False
2026-09-21,수지구,118.923531,2026-10-02,bae96616bd,2026-09-28,11,False
2026-09-21,시흥시,99.846393,2026-10-02,bae96616bd,2026-09-28,11,False
2026-09-21,군포시,110.261286,2026-10-02,bae96616bd,2026-09-28,11,False
2026-09-21,의왕시,108.376394,2026-10-02,bae96616bd,2026-09-28,11,False
2026-09-21,하남시,114.758093,2026-10-02,bae96616bd,2026-09-28,11,False
2026-09-21,오산시,101.013591,2026-10-02,bae96616bd,2026-09-28,11,False
2026-09-21,파주시,98.615509,2026-10-02,bae96616bd,2026-09-28,11,False
2026-09-21,이천시,92.869783,2026-10-02,bae96616bd,2026-09-28,11,False
2026-09-21,안성시,98.309195,2026-10-02,bae96616bd,2026-09-28,11,False
2026-09-21,김포시,99.937806,2026-10-02,bae96616bd,2026-09-28,11,False
2026-09-21,양주시,100.237710,2026-10-02,bae96616bd,2026-09-28,11,False
2026-09-21,동두천시,99.157596,2026-10-02,bae96616bd,2026-09-28,11,False
2026-09-21,광주시,101.131535,2026-10-02,bae96616bd,2026-09-28,11,False
2026-09-21,화성시,110.725054,2026-10-02,bae96616bd,2026-09-28,11,False
2026-09-21,만세구,94.974323,2026-10-02,bae96616bd,2026-09-28,11,False
2026-09-21,효행구,99.091770,2026-10-02,bae96616bd,2026-09-28,11,False
2026-09-21,병점구,104.925418,2026-10-02,bae96616bd,2026-09-28,11,False
2026-09-21,동탄구,117.270459,2026-10-02,bae96616bd,2026-09-28,11,False
2026-09-21,강원특별자치도,100.100460,2026-10-02,bae96616bd,2026-09-28,11,False
2026-09-21,춘천시,100.299313,2026-10-02,bae96616bd,2026-09-28,11,False
2026-09-21,강릉시,99.893732,2026-10-02,bae96616bd,2026-09-28,11,False
2026-09-21,원주시,98.011324,2026-10-02,bae96616bd,2026-09-28,11,False
2026-09-21,충청북도,101.067921,2026-10-02,bae96616bd,2026-09-28,11,False
2026-09-21,청주시,101.369949,2026-10-02,bae96616bd,2026-09-28,11,False
2026-09-21,상당구,100.430046,2026-10-02,bae96616bd,2026-09-28,11,False
2026-09-21,서원구,98.768878,2026-10-02,bae96616bd,2026-09-28,11,False
2026-09-21,청원구,100.842686,2026-10-02,bae96616bd,2026-09-28,11,False
2026-09-21,흥덕구,104.141158,2026-10-02,bae96616bd,2026-09-28,11,False
2026-09-21,충주시,101.870253,2026-10-02,bae96616bd,2026-09-28,11,False
2026-09-21,제천시,100.120629,2026-10-02,bae96616bd,2026-09-28,11,False
2026-09-21,충청남도,99.541802,2026-10-02,bae96616bd,2026-09-28,11,False
2026-09-21,천안시,98.847897,2026-10-02,bae96616bd,2026-09-28,11,False
2026-09-21,동남구,98.248689,2026-10-02,bae96616bd,2026-09-28,11,False
2026-09-21,서북구,99.233606,2026-10-02,bae96616bd,2026-09-28,11,False
2026-09-21,공주시,102.025574,2026-10-02,bae96616bd,2026-09-28,11,False
2026-09-21,아산시,97.865738,2026-10-02,bae96616bd,2026-09-28,11,False
2026-09-21,논산시,103.551979,2026-10-02,bae96616bd,2026-09-28,11,False
2026-09-21,계룡시,100.842191,2026-10-02,bae96616bd,2026-09-28,11,False
2026-09-21,당진시,100.425136,2026-10-02,bae96616bd,2026-09-28,11,False
2026-09-21,서산시,101.562331,2026-10-02,bae96616bd,2026-09-28,11,False
2026-09-21,전북특별자치도,101.780325,2026-10-02,bae96616bd,2026-09-28,11,False
2026-09-21,전주시,105.259404,2026-10-02,bae96616bd,2026-09-28,11,False
2026-09-21,완산구,105.428602,2026-10-02,bae96616bd,2026-09-28,11,False
2026-09-21,덕진구,105.083080,2026-10-02,bae96616bd,2026-09-28,11,False
2026-09-21,익산시,96.504068,2026-10-02,bae96616bd,2026-09-28,11,False
2026-09-21,군산시,96.812435,2026-10-02,bae96616bd,2026-09-28,11,False
2026-09-21,(구)전라남도,101.540490,2026-10-02,bae96616bd,2026-09-28,11,False
2026-09-21,목포시,101.097372,2026-10-02,bae96616bd,2026-09-28,11,False
2026-09-21,순천시,103.529982,2026-10-02,bae96616bd,2026-09-28,11,False
2026-09-21,광양시,99.057361,2026-10-02,bae96616bd,2026-09-28,11,False
2026-09-21,여수시,98.656696,2026-10-02,bae96616bd,2026-09-28,11,False
2026-09-21,경상북도,100.033487,2026-10-02,bae96616bd,2026-09-28,11,False
2026-09-21,포항시,96.008724,2026-10-02,bae96616bd,2026-09-28,11,False
2026-09-21,포항시 남구,97.113810,2026-10-02,bae96616bd,2026-09-28,11,False
2026-09-21,포항시 북구,95.489566,2026-10-02,bae96616bd,2026-09-28,11,False
2026-09-21,구미시,100.519659,2026-10-02,bae96616bd,2026-09-28,11,False
2026-09-21,경산시,100.389584,2026-10-02,bae96616bd,2026-09-28,11,False
2026-09-21,안동시,107.603486,2026-10-02,bae96616bd,2026-09-28,11,False
2026-09-21,김천시,101.996054,2026-10-02,bae96616bd,2026-09-28,11,False
2026-09-21,경상남도,100.885958,2026-10-02,bae96616bd,2026-09-28,11,False
2026-09-21,창원시,102.368452,2026-10-02,bae96616bd,2026-09-28,11,False
2026-09-21,마산합포구,100.465475,2026-10-02,bae96616bd,2026-09-28,11,False
2026-09-21,마산회원구,101.225092,2026-10-02,bae96616bd,2026-09-28,11,False
2026-09-21,성산구,106.231657,2026-10-02,bae96616bd,2026-09-28,11,False
2026-09-21,의창구,101.599383,2026-10-02,bae96616bd,2026-09-28,11,False
2026-09-21,진해구,98.991327,2026-10-02,bae96616bd,2026-09-28,11,False
2026-09-21,양산시,100.260836,2026-10-02,bae96616bd,2026-09-28,11,False
2026-09-21,거제시,95.979873,2026-10-02,bae96616bd,2026-09-28,11,False
2026-09-21,진주시,106.648044,2026-10-02,bae96616bd,2026-09-28,11,False
2026-09-21,김해시,98.457735,2026-10-02,bae96616bd,2026-09-28,11,False
2026-09-21,통영시,98.168569,2026-10-02,bae96616bd,2026-09-28,11,False
2026-09-21,제주특별자치도,98.663470,2026-10-02,bae96616bd,2026-09-28,11,False
2026-09-21,기타지방,100.621345,2026-10-02,bae96616bd,2026-09-28,11,False
2026-09-28,전국,103.243858,2026-10-02,bae96616bd,2026-09-28,4,False
2026-09-28,서울특별시,109.699319,2026-10-02,bae96616bd,2026-09-28,4,False
2026-09-28,강북14개구,111.607125,2026-10-02,bae96616bd,2026-09-28,4,False
2026-09-28,강북구,113.363985,2026-10-02,bae96616bd,2026-09-28,4,False
2026-09-28,광진구,109.183528,2026-10-02,bae96616bd,2026-09-28,4,False
2026-09-28,노원구,113.519355,2026-10-02,bae96616bd,2026-09-28,4,False
2026-09-28,도봉구,107.981241,2026-10-02,bae96616bd,2026-09-28,4,False
2026-09-28,동대문구,115.801559,2026-10-02,bae96616bd,2026-09-28,4,False
2026-09-28,마포구,108.426432,2026-10-02,bae96616bd,2026-09-28,4,False
2026-09-28,서대문구,113.049739,2026-10-02,bae96616bd,2026-09-28,4,False
2026-09-28,성동구,109.233666,2026-10-02,bae96616bd,2026-09-28,4,False
2026-09-28,성북구,116.878534,2026-10-02,bae96616bd,2026-09-28,4,False
2026-09-28,용산구,104.809360,2026-10-02,bae96616bd,2026-09-28,4,False
2026-09-28,은평구,109.003024,2026-10-02,bae96616bd,2026-09-28,4,False
2026-09-28,종로구,110.109531,2026-10-02,bae96616bd,2026-09-28,4,False
2026-09-28,중구,109.450045,2026-10-02,bae96616bd,2026-09-28,4,False
2026-09-28,중랑구,112.370595,2026-10-02,bae96616bd,2026-09-28,4,False
2026-09-28,강남11개구,108.016893,2026-10-02,bae96616bd,2026-09-28,4,False
2026-09-28,강남구,99.882420,2026-10-02,bae96616bd,2026-09-28,4,False
2026-09-28,강동구,109.894874,2026-10-02,bae96616bd,2026-09-28,4,False
2026-09-28,강서구,115.907499,2026-10-02,bae96616bd,2026-09-28,4,False
2026-09-28,관악구,112.803170,2026-10-02,bae96616bd,2026-09-28,4,False
2026-09-28,구로구,112.980613,2026-10-02,bae96616bd,2026-09-28,4,False
2026-09-28,금천구,105.467328,2026-10-02,bae96616bd,2026-09-28,4,False
2026-09-28,동작구,111.366342,2026-10-02,bae96616bd,2026-09-28,4,False
2026-09-28,서초구,103.022029,2026-10-02,bae96616bd,2026-09-28,4,False
2026-09-28,송파구,106.537648,2026-10-02,bae96616bd,2026-09-28,4,False
2026-09-28,양천구,106.075915,2026-10-02,bae96616bd,2026-09-28,4,False
2026-09-28,영등포구,111.925732,2026-10-02,bae96616bd,2026-09-28,4,False
2026-09-28,6개광역시,100.253244,2026-10-02,bae96616bd,2026-09-28,4,False
2026-09-28,부산광역시,100.150135,2026-10-02,bae96616bd,2026-09-28,4,False
2026-09-28,부산광역시 중구,98.896593,2026-10-02,bae96616bd,2026-09-28,4,False
2026-09-28,부산광역시 서구,99.577250,2026-10-02,bae96616bd,2026-09-28,4,False
2026-09-28,부산광역시 동구,101.823104,2026-10-02,bae96616bd,2026-09-28,4,False
2026-09-28,영도구,96.997908,2026-10-02,bae96616bd,2026-09-28,4,False
2026-09-28,부산진구,100.560859,2026-10-02,bae96616bd,2026-09-28,4,False
2026-09-28,동래구,101.981564,2026-10-02,bae96616bd,2026-09-28,4,False
2026-09-28,부산광역시 남구,100.545035,2026-10-02,bae96616bd,2026-09-28,4,False
2026-09-28,부산광역시 북구,100.038786,2026-10-02,bae96616bd,2026-09-28,4,False
2026-09-28,해운대구,101.949037,2026-10-02,bae96616bd,2026-09-28,4,False
2026-09-28,사하구,98.587855,2026-10-02,bae96616bd,2026-09-28,4,False
2026-09-28,금정구,99.311579,2026-10-02,bae96616bd,2026-09-28,4,False
2026-09-28,연제구,100.223860,2026-10-02,bae96616bd,2026-09-28,4,False
2026-09-28,수영구,101.541398,2026-10-02,bae96616bd,2026-09-28,4,False
2026-09-28,사상구,97.780436,2026-10-02,bae96616bd,2026-09-28,4,False
2026-09-28,기장군,99.685064,2026-10-02,bae96616bd,2026-09-28,4,False
2026-09-28,부산광역시 강서구,98.351360,2026-10-02,bae96616bd,2026-09-28,4,False
2026-09-28,대구광역시,99.693828,2026-10-02,bae96616bd,2026-09-28,4,False
2026-09-28,대구광역시 중구,103.765975,2026-10-02,bae96616bd,2026-09-28,4,False
2026-09-28,대구광역시 동구,100.433892,2026-10-02,bae96616bd,2026-09-28,4,False
2026-09-28,대구광역시 서구,99.896983,2026-10-02,bae96616bd,2026-09-28,4,False
2026-09-28,대구광역시 남구,97.840206,2026-10-02,bae96616bd,2026-09-28,4,False
2026-09-28,대구광역시 북구,98.760023,2026-10-02,bae96616bd,2026-09-28,4,False
2026-09-28,수성구,100.560014,2026-10-02,bae96616bd,2026-09-28,4,False
2026-09-28,달서구,98.906544,2026-10-02,bae96616bd,2026-09-28,4,False
2026-09-28,달성군,99.651117,2026-10-02,bae96616bd,2026-09-28,4,False
2026-09-28,인천광역시,100.292752,2026-10-02,bae96616bd,2026-09-28,4,False
2026-09-28,인천광역시 중구,,2026-10-02,bae96616bd,2026-09-28,4,False
2026-09-28,인천광역시 동구,,2026-10-02,bae96616bd,2026-09-28,4,False
2026-09-28,미추홀구,100.264378,2026-10-02,bae96616bd,2026-09-28,4,False
2026-09-28,연수구,101.655370,2026-10-02,bae96616bd,2026-09-28,4,False
2026-09-28,남동구,100.244184,2026-10-02,bae96616bd,2026-09-28,4,False
2026-09-28,부평구,101.588530,2026-10-02,bae96616bd,2026-09-28,4,False
2026-09-28,계양구,98.532048,2026-10-02,bae96616bd,2026-09-28,4,False
2026-09-28,인천광역시 서구,,2026-10-02,bae96616bd,2026-09-28,4,False
2026-09-28,제물포구,99.486339,2026-10-02,bae96616bd,2026-09-28,4,False
2026-09-28,영종구,97.181144,2026-10-02,bae96616bd,2026-09-28,4,False
2026-09-28,서해구,100.148137,2026-10-02,bae96616bd,2026-09-28,4,False
2026-09-28,검단구,99.686484,2026-10-02,bae96616bd,2026-09-28,4,False
2026-09-28,전남광주통합특별시,99.582338,2026-10-02,bae96616bd,2026-09-28,4,False
2026-09-28,(구)광주광역시,98.222808,2026-10-02,bae96616bd,2026-09-28,4,False
2026-09-28,(구)광주광역시 동구,97.817093,2026-10-02,bae96616bd,2026-09-28,4,False
2026-09-28,(구)광주광역시 서구,97.289711,2026-10-02,bae96616bd,2026-09-28,4,False
2026-09-28,(구)광주광역시 남구,96.225192,2026-10-02,bae96616bd,2026-09-28,4,False
2026-09-28,(구)광주광역시 북구,98.707910,2026-10-02,bae96616bd,2026-09-28,4,False
2026-09-28,광산구,99.569525,2026-10-02,bae96616bd,2026-09-28,4,False
2026-09-28,대전광역시,101.493327,2026-10-02,bae96616bd,2026-09-28,4,False
2026-09-28,대전광역시 동구,100.035427,2026-10-02,bae96616bd,2026-09-28,4,False
2026-09-28,대전광역시 중구,99.254063,2026-10-02,bae96616bd,2026-09-28,4,False
2026-09-28,대전광역시 서구,104.301164,2026-10-02,bae96616bd,2026-09-28,4,False
2026-09-28,유성구,100.738711,2026-10-02,bae96616bd,2026-09-28,4,False
2026-09-28,대덕구,99.728798,2026-10-02,bae96616bd,2026-09-28,4,False
2026-09-28,울산광역시,103.243842,2026-10-02,bae96616bd,2026-09-28,4,False
2026-09-28,울산광역시 중구,103.343257,2026-10-02,bae96616bd,2026-09-28,4,False
2026-09-28,울산광역시 남구,104.022443,2026-10-02,bae96616bd,2026-09-28,4,False
2026-09-28,울산광역시 동구,100.580878,2026-10-02,bae96616bd,2026-09-28,4,False
2026-09-28,울산광역시 북구,103.149783,2026-10-02,bae96616bd,2026-09-28,4,False
2026-09-28,울주군,104.045798,2026-10-02,bae96616bd,2026-09-28,4,False
2026-09-28,5개광역시,100.241199,2026-10-02,bae96616bd,2026-09-28,4,False
2026-09-28,수도권,106.189129,2026-10-02,bae96616bd,2026-09-28,4,False
2026-09-28,세종특별자치시,100.630789,2026-10-02,bae96616bd,2026-09-28,4,False
2026-09-28,경기도,105.842644,2026-10-02,bae96616bd,2026-09-28,4,False
2026-09-28,수원시,112.235375,2026-10-02,bae96616bd,2026-09-28,4,False
2026-09-28,장안구,110.442797,2026-10-02,bae96616bd,2026-09-28,4,False
2026-09-28,권선구,108.287060,2026-10-02,bae96616bd,2026-09-28,4,False
2026-09-28,팔달구,111.856456,2026-10-02,bae96616bd,2026-09-28,4,False
2026-09-28,영통구,116.844028,2026-10-02,bae96616bd,2026-09-28,4,False
2026-09-28,성남시,113.728212,2026-10-02,bae96616bd,2026-09-28,4,False
2026-09-28,수정구,113.203099,2026-10-02,bae96616bd,2026-09-28,4,False
2026-09-28,중원구,117.039957,2026-10-02,bae96616bd,2026-09-28,4,False
2026-09-28,분당구,112.995872,2026-10-02,bae96616bd,2026-09-28,4,False
2026-09-28,고양시,99.409408,2026-10-02,bae96616bd,2026-09-28,4,False
2026-09-28,덕양구,102.503514,2026-10-02,bae96616bd,2026-09-28,4,False
2026-09-28,일산동구,97.842410,2026-10-02,bae96616bd,2026-09-28,4,False
2026-09-28,일산서구,96.805419,2026-10-02,bae96616bd,2026-09-28,4,False
2026-09-28,안양시,114.232276,2026-10-02,bae96616bd,2026-09-28,4,False
2026-09-28,만안구,108.216990,2026-10-02,bae96616bd,2026-09-28,4,False
2026-09-28,동안구,117.195187,2026-10-02,bae96616bd,2026-09-28,4,False
2026-09-28,부천시,104.172747,2026-10-02,bae96616bd,2026-09-28,4,False
2026-09-28,원미구,106.690234,2026-10-02,bae96616bd,2026-09-28,4,False
2026-09-28,소사구,101.633824,2026-10-02,bae96616bd,2026-09-28,4,False
2026-09-28,오정구,99.595889,2026-10-02,bae96616bd,2026-09-28,4,False
2026-09-28,의정부시,100.587281,2026-10-02,bae96616bd,2026-09-28,4,False
2026-09-28,광명시,120.810251,2026-10-02,bae96616bd,2026-09-28,4,False
2026-09-28,평택시,97.524998,2026-10-02,bae96616bd,2026-09-28,4,False
2026-09-28,안산시,101.003497,2026-10-02,bae96616bd,2026-09-28,4,False
2026-09-28,단원구,101.606603,2026-10-02,bae96616bd,2026-09-28,4,False
2026-09-28,상록구,100.160110,2026-10-02,bae96616bd,2026-09-28,4,False
2026-09-28,과천시,101.406073,2026-10-02,bae96616bd,2026-09-28,4,False
2026-09-28,구리시,114.071725,2026-10-02,bae96616bd,2026-09-28,4,False
2026-09-28,남양주시,104.214761,2026-10-02,bae96616bd,2026-09-28,4,False
2026-09-28,용인시,111.943576,2026-10-02,bae96616bd,2026-09-28,4,False
2026-09-28,처인구,102.608403,2026-10-02,bae96616bd,2026-09-28,4,False
2026-09-28,기흥구,109.010981,2026-10-02,bae96616bd,2026-09-28,4,False
2026-09-28,수지구,119.393065,2026-10-02,bae96616bd,2026-09-28,4,False
2026-09-28,시흥시,99.902168,2026-10-02,bae96616bd,2026-09-28,4,False
2026-09-28,군포시,110.913643,2026-10-02,bae96616bd,2026-09-28,4,False
2026-09-28,의왕시,108.457777,2026-10-02,bae96616bd,2026-09-28,4,False
2026-09-28,하남시,115.058134,2026-10-02,bae96616bd,2026-09-28,4,False
2026-09-28,오산시,101.173754,2026-10-02,bae96616bd,2026-09-28,4,False
2026-09-28,파주시,98.580040,2026-10-02,bae96616bd,2026-09-28,4,False
2026-09-28,이천시,92.553828,2026-10-02,bae96616bd,2026-09-28,4,False
2026-09-28,안성시,98.222453,2026-10-02,bae96616bd,2026-09-28,4,False
2026-09-28,김포시,99.929944,2026-10-02,bae96616bd,2026-09-28,4,False
2026-09-28,양주시,100.251589,2026-10-02,bae96616bd,2026-09-28,4,False
2026-09-28,동두천시,99.115277,2026-10-02,bae96616bd,2026-09-28,4,False
2026-09-28,광주시,101.121419,2026-10-02,bae96616bd,2026-09-28,4,False
2026-09-28,화성시,111.200104,2026-10-02,bae96616bd,2026-09-28,4,False
2026-09-28,만세구,94.902307,2026-10-02,bae96616bd,2026-09-28,4,False
2026-09-28,효행구,99.163091,2026-10-02,bae96616bd,2026-09-28,4,False
2026-09-28,병점구,105.655631,2026-10-02,bae96616bd,2026-09-28,4,False
2026-09-28,동탄구,118.007802,2026-10-02,bae96616bd,2026-09-28,4,False
2026-09-28,강원특별자치도,100.077941,2026-10-02,bae96616bd,2026-09-28,4,False
2026-09-28,춘천시,100.243125,2026-10-02,bae96616bd,2026-09-28,4,False
2026-09-28,강릉시,99.893732,2026-10-02,bae96616bd,2026-09-28,4,False
2026-09-28,원주시,97.937186,2026-10-02,bae96616bd,2026-09-28,4,False
2026-09-28,충청북도,101.112890,2026-10-02,bae96616bd,2026-09-28,4,False
2026-09-28,청주시,101.384715,2026-10-02,bae96616bd,2026-09-28,4,False
2026-09-28,상당구,100.436719,2026-10-02,bae96616bd,2026-09-28,4,False
2026-09-28,서원구,98.779147,2026-10-02,bae96616bd,2026-09-28,4,False
2026-09-28,청원구,100.878308,2026-10-02,bae96616bd,2026-09-28,4,False
2026-09-28,흥덕구,104.151488,2026-10-02,bae96616bd,2026-09-28,4,False
2026-09-28,충주시,102.008633,2026-10-02,bae96616bd,2026-09-28,4,False
2026-09-28,제천시,100.339336,2026-10-02,bae96616bd,2026-09-28,4,False
2026-09-28,충청남도,99.537548,2026-10-02,bae96616bd,2026-09-28,4,False
2026-09-28,천안시,98.845806,2026-10-02,bae96616bd,2026-09-28,4,False
2026-09-28,동남구,98.254424,2026-10-02,bae96616bd,2026-09-28,4,False
2026-09-28,서북구,99.226411,2026-10-02,bae96616bd,2026-09-28,4,False
2026-09-28,공주시,102.034995,2026-10-02,bae96616bd,2026-09-28,4,False
2026-09-28,아산시,97.828259,2026-10-02,bae96616bd,2026-09-28,4,False
2026-09-28,논산시,103.551979,2026-10-02,bae96616bd,2026-09-28,4,False
2026-09-28,계룡시,100.882275,2026-10-02,bae96616bd,2026-09-28,4,False
2026-09-28,당진시,100.417516,2026-10-02,bae96616bd,2026-09-28,4,False
2026-09-28,서산시,101.568975,2026-10-02,bae96616bd,2026-09-28,4,False
2026-09-28,전북특별자치도,101.814158,2026-10-02,bae96616bd,2026-09-28,4,False
2026-09-28,전주시,105.333321,2026-10-02,bae96616bd,2026-09-28,4,False
2026-09-28,완산구,105.439569,2026-10-02,bae96616bd,2026-09-28,4,False
2026-09-28,덕진구,105.222457,2026-10-02,bae96616bd,2026-09-28,4,False
2026-09-28,익산시,96.492374,2026-10-02,bae96616bd,2026-09-28,4,False
2026-09-28,군산시,96.841286,2026-10-02,bae96616bd,2026-09-28,4,False
2026-09-28,(구)전라남도,101.569383,2026-10-02,bae96616bd,2026-09-28,4,False
2026-09-28,목포시,101.127911,2026-10-02,bae96616bd,2026-09-28,4,False
2026-09-28,순천시,103.615180,2026-10-02,bae96616bd,2026-09-28,4,False
2026-09-28,광양시,98.976670,2026-10-02,bae96616bd,2026-09-28,4,False
2026-09-28,여수시,98.631960,2026-10-02,bae96616bd,2026-09-28,4,False
2026-09-28,경상북도,100.011945,2026-10-02,bae96616bd,2026-09-28,4,False
2026-09-28,포항시,95.934158,2026-10-02,bae96616bd,2026-09-28,4,False
2026-09-28,포항시 남구,97.068624,2026-10-02,bae96616bd,2026-09-28,4,False
2026-09-28,포항시 북구,95.401526,2026-10-02,bae96616bd,2026-09-28,4,False
2026-09-28,구미시,100.503467,2026-10-02,bae96616bd,2026-09-28,4,False
2026-09-28,경산시,100.334830,2026-10-02,bae96616bd,2026-09-28,4,False
2026-09-28,안동시,107.665610,2026-10-02,bae96616bd,2026-09-28,4,False
2026-09-28,김천시,101.894504,2026-10-02,bae96616bd,2026-09-28,4,False
2026-09-28,경상남도,100.889136,2026-10-02,bae96616bd,2026-09-28,4,False
2026-09-28,창원시,102.373315,2026-10-02,bae96616bd,2026-09-28,4,False
2026-09-28,마산합포구,100.461211,2026-10-02,bae96616bd,2026-09-28,4,False
2026-09-28,마산회원구,101.262541,2026-10-02,bae96616bd,2026-09-28,4,False
2026-09-28,성산구,106.305064,2026-10-02,bae96616bd,2026-09-28,4,False
2026-09-28,의창구,101.597185,2026-10-02,bae96616bd,2026-09-28,4,False
2026-09-28,진해구,98.851879,2026-10-02,bae96616bd,2026-09-28,4,False
2026-09-28,양산시,100.289071,2026-10-02,bae96616bd,2026-09-28,4,False
2026-09-28,거제시,95.886495,2026-10-02,bae96616bd,2026-09-28,4,False
2026-09-28,진주시,106.879098,2026-10-02,bae96616bd,2026-09-28,4,False
2026-09-28,김해시,98.366682,2026-10-02,bae96616bd,2026-09-28,4,False
2026-09-28,통영시,98.107549,2026-10-02,bae96616bd,2026-09-28,4,False
2026-09-28,제주특별자치도,98.659538,2026-10-02,bae96616bd,2026-09-28,4,False
2026-09-28,기타지방,100.627246,2026-10-02,bae96616bd,2026-09-28,4,False
