horizon,group,n,origins,MAE_base,MAE_cand,rel_pct,bias_base,bias_cand,p_abs,p_sq,boot90_rel_lo,boot90_rel_hi,rel_2014-2019,rel_2020-2021,rel_2022-2023,rel_2024+,n_candidates_logged,n_tests_logged,p_raw,p_bonferroni_logged,p_bonferroni_with_prior_assumed,p_holm_this_table,evidence
52,서울 28,7896,282,3.9217,3.9217,0.0000,-1.2429,-1.2429,1.0000,1.0000,0.0000,0.0000,0.0000,0.0000,0.0000,0.0000,34,120,1.0000,1.0000,1.0000,1.0000,exploratory
52,서울시 지수,282,282,3.7365,3.7365,0.0000,-1.3373,-1.3373,1.0000,1.0000,0.0000,0.0000,0.0000,0.0000,0.0000,0.0000,34,120,1.0000,1.0000,1.0000,1.0000,exploratory
52,서울 25개 구,7050,282,3.9397,3.9397,0.0000,-1.2348,-1.2348,1.0000,1.0000,0.0000,0.0000,0.0000,0.0000,0.0000,0.0000,34,120,1.0000,1.0000,1.0000,1.0000,exploratory
52,서울 외,43592,282,3.8163,4.3324,13.5252,0.4077,0.7752,0.0313,0.0344,3.5675,23.2137,2.4626,9.2981,31.2306,22.7122,34,120,0.0313,1.0000,1.0000,0.5505,exploratory
52,전체,51488,282,3.8324,4.2694,11.4027,0.1546,0.4657,0.0306,0.0341,3.0684,19.3974,1.9642,8.2564,27.2779,18.0567,34,120,0.0306,1.0000,1.0000,0.5505,exploratory
78,서울 28,7560,270,6.1509,6.1509,0.0000,-2.1391,-2.1391,1.0000,1.0000,0.0000,0.0000,0.0000,0.0000,0.0000,0.0000,34,120,1.0000,1.0000,1.0000,1.0000,exploratory
78,서울시 지수,270,270,6.2059,6.2059,0.0000,-2.4536,-2.4536,1.0000,1.0000,0.0000,0.0000,0.0000,0.0000,0.0000,0.0000,34,120,1.0000,1.0000,1.0000,1.0000,exploratory
78,서울 25개 구,6750,270,6.1507,6.1507,0.0000,-2.1126,-2.1126,1.0000,1.0000,0.0000,0.0000,0.0000,0.0000,0.0000,0.0000,34,120,1.0000,1.0000,1.0000,1.0000,exploratory
78,서울 외,41672,270,6.1669,6.6698,8.1543,0.8421,1.3549,0.0582,0.0347,1.2947,15.8288,2.4635,3.0586,24.3357,12.6151,34,120,0.0582,1.0000,1.0000,0.9165,exploratory
78,전체,49232,270,6.1644,6.5901,6.9049,0.3843,0.8183,0.0573,0.0344,1.1253,13.2748,2.0128,2.7034,21.1891,9.9034,34,120,0.0573,1.0000,1.0000,0.9165,exploratory
104,서울 28,7224,258,7.9335,7.9335,0.0000,-2.6086,-2.6086,1.0000,1.0000,0.0000,0.0000,0.0000,0.0000,0.0000,0.0000,34,120,1.0000,1.0000,1.0000,1.0000,exploratory
104,서울시 지수,258,258,7.8804,7.8804,0.0000,-2.9932,-2.9932,1.0000,1.0000,0.0000,0.0000,0.0000,0.0000,0.0000,0.0000,34,120,1.0000,1.0000,1.0000,1.0000,exploratory
104,서울 25개 구,6450,258,7.9450,7.9450,0.0000,-2.5713,-2.5713,1.0000,1.0000,0.0000,0.0000,0.0000,0.0000,0.0000,0.0000,34,120,1.0000,1.0000,1.0000,1.0000,exploratory
104,서울 외,39769,258,8.7183,8.8943,2.0184,1.8845,2.2550,0.5857,0.6806,-3.9094,8.4793,-1.9131,-3.3507,16.3226,3.8463,34,120,0.5857,1.0000,1.0000,1.0000,exploratory
104,전체,46993,258,8.5977,8.7466,1.7321,1.1938,1.5074,0.5814,0.6775,-3.3759,7.2051,-1.5988,-2.9578,14.3178,3.2210,34,120,0.5814,1.0000,1.0000,1.0000,exploratory
208,서울 28,5880,210,13.0355,13.0355,0.0000,-9.6591,-9.6591,1.0000,1.0000,0.0000,0.0000,0.0000,0.0000,0.0000,,34,120,1.0000,1.0000,1.0000,1.0000,exploratory
208,서울시 지수,210,210,12.2302,12.2302,0.0000,-10.3413,-10.3413,1.0000,1.0000,0.0000,0.0000,0.0000,0.0000,0.0000,,34,120,1.0000,1.0000,1.0000,1.0000,exploratory
208,서울 25개 구,5250,210,13.0959,13.0959,0.0000,-9.5810,-9.5810,1.0000,1.0000,0.0000,0.0000,0.0000,0.0000,0.0000,,34,120,1.0000,1.0000,1.0000,1.0000,exploratory
208,서울 외,32240,210,13.5129,12.5505,-7.1218,2.2212,2.2686,0.0000,0.0001,-9.5515,-4.6720,-7.8231,-11.2405,2.8990,,34,120,0.0000,0.0002,0.0003,0.0000,exploratory
208,전체,38120,210,13.4393,12.6253,-6.0562,0.3887,0.4287,0.0000,0.0001,-8.1571,-3.9347,-6.4434,-10.0665,2.6624,,34,120,0.0000,0.0002,0.0003,0.0000,exploratory
