candidate,horizon,n_rows,MAE_base,MAE_cand,rel_pct,bias_base,bias_cand,p_abs_two_sided,p_sq_two_sided,boot90_rel_lo,boot90_rel_hi,RMSE_base,RMSE_cand,outside_rel_pct,all_rel_pct
seoul_x0.5,13,8372,0.8857,0.8878,0.2332,-0.1145,-0.1504,0.5204,0.0833,-0.3492,0.7954,1.3051,1.3124,,0.2332
seoul_x1.0,13,8372,0.8857,0.8915,0.6536,-0.1145,-0.1864,0.3702,0.0604,-0.4709,1.7700,1.3051,1.3210,,0.6536
seoul_recent156_x0.5,13,8372,0.8857,0.8878,0.2399,-0.1145,-0.1197,0.6765,0.3288,-0.6582,1.1698,1.3051,1.3108,,0.2399
"A_selected (walk-forward, external 2020+)",13,4312,0.9731,0.9731,0.0000,-0.2021,-0.2021,1.0000,1.0000,0.0000,0.0000,1.3463,1.3463,,0.0000
seoul_x0.5,26,8148,1.9507,1.9657,0.7649,-0.3055,-0.3014,0.0998,0.2412,-0.0741,1.5700,2.6305,2.6426,,0.7649
seoul_x1.0,26,8148,1.9507,1.9846,1.7343,-0.3055,-0.2972,0.0682,0.1776,-0.0168,3.3897,2.6305,2.6586,,1.7343
seoul_recent156_x0.5,26,8148,1.9507,1.9617,0.5634,-0.3055,-0.2271,0.7252,0.9680,-1.8979,3.1852,2.6305,2.6322,,0.5634
"A_selected (walk-forward, external 2020+)",26,4116,2.1491,2.1920,1.9931,-0.4856,-0.3870,0.2246,0.2377,-0.2412,4.5137,2.8379,2.8899,,1.9931
global_x0.5,52,7812,3.9332,4.0622,3.2804,-1.2565,-1.5896,0.0742,0.0292,0.4525,5.8185,4.9993,5.1724,-0.3596,0.2122
global_x1.0,52,7812,3.9332,4.2121,7.0911,-1.2565,-1.9227,0.0561,0.0218,1.4753,12.2998,4.9993,5.3733,0.6480,1.6602
seoul_x0.5,52,7812,3.9332,3.9930,1.5209,-1.2565,-0.9244,0.4848,0.5584,-1.7152,5.3312,4.9993,5.0606,0.0000,0.2389
seoul_x1.0,52,7812,3.9332,4.0976,4.1803,-1.2565,-0.5924,0.3370,0.3939,-2.3210,11.7830,4.9993,5.1828,0.0000,0.6568
seoul_recent156_x0.5,52,7812,3.9332,3.9927,1.5139,-1.2565,-0.6880,0.7449,0.7359,-5.4085,9.5181,4.9993,5.0787,0.0000,0.2378
"A_selected (walk-forward, external 2020+)",52,3780,4.5152,4.6620,3.2511,-1.2885,-0.6999,0.4115,0.3201,-2.4110,10.1576,5.7328,5.9707,0.0000,0.4332
global_x0.5,78,7476,6.1153,6.4378,5.2740,-2.0627,-2.6361,0.0388,0.0428,1.4403,8.6588,7.7681,8.1500,-0.0996,0.7180
global_x1.0,78,7476,6.1153,6.7837,10.9296,-2.0627,-3.2094,0.0341,0.0369,3.2099,17.7537,7.7681,8.5744,1.0132,2.5220
seoul_x0.5,78,7476,6.1153,6.2214,1.7348,-2.0627,-1.5721,0.4955,0.5708,-2.1220,5.9627,7.7681,7.8913,0.0000,0.2640
seoul_x1.0,78,7476,6.1153,6.3851,4.4125,-2.0627,-1.0815,0.3993,0.4625,-3.7273,13.2782,7.7681,8.1026,0.0000,0.6714
seoul_recent156_x0.5,78,7476,6.1153,6.4600,5.6365,-2.0627,-1.0264,0.3465,0.3301,-3.1416,15.2616,7.7681,8.2734,0.0000,0.8576
"A_selected (walk-forward, external 2020+)",78,3444,7.3206,7.3206,0.0000,-1.0830,-1.0830,1.0000,1.0000,0.0000,0.0000,9.0379,9.0379,0.0000,0.0000
global_x0.5,104,7168,7.9396,8.4103,5.9283,-2.5799,-3.4784,0.1050,0.1400,0.1827,10.6441,10.1272,10.6996,0.2271,1.0359
global_x1.0,104,7168,7.9396,8.9265,12.4300,-2.5799,-4.3770,0.0930,0.1214,0.8823,22.0446,10.1272,11.3538,1.5866,3.1249
seoul_x0.5,104,7168,7.9396,8.1178,2.2447,-2.5799,-1.9090,0.4205,0.5009,-1.9001,6.9986,10.1272,10.3259,0.0000,0.3185
seoul_x1.0,104,7168,7.9396,8.3791,5.5350,-2.5799,-1.2382,0.3424,0.4163,-2.9540,15.4889,10.1272,10.6395,0.0000,0.7852
seoul_recent156_x0.5,104,7168,7.9396,8.6315,8.7148,-2.5799,-1.0029,0.2279,0.2790,-1.3612,21.2292,10.1272,10.9550,0.0000,1.2363
"A_selected (walk-forward, external 2020+)",104,3136,8.9074,8.9074,0.0000,0.6792,0.6792,1.0000,1.0000,0.0000,0.0000,10.8966,10.8966,0.0000,0.0000
