horizon,group,state,n,MAE_log_pp,MAE_simple_pp,RMSE_log_pp,bias_pred_minus_actual_pp,median_residual_actual_minus_pred_pp
52,서울 28,trailing 26w return: lowest third,1559,3.2465,3.2133,4.2152,-1.3649,1.3530
52,서울 28,middle third,1827,3.7772,3.9019,4.8204,0.1017,-0.0850
52,서울 28,highest third,4118,4.4155,4.8013,5.4730,-1.8852,1.8900
52,서울 외,trailing 26w return: lowest third,20403,2.6420,2.6141,3.8867,0.7105,-0.8970
52,서울 외,middle third,9097,3.7562,3.8715,5.5063,0.5400,-1.0260
52,서울 외,highest third,11999,6.0988,6.6219,7.9488,-0.2945,-1.3230
78,서울 28,trailing 26w return: lowest third,1550,5.0685,5.2303,6.7218,-1.5858,0.6275
78,서울 28,middle third,1654,6.0619,6.5230,7.8413,-1.9019,1.4025
78,서울 28,highest third,3964,6.8344,7.5054,8.3558,-2.4959,3.3440
78,서울 외,trailing 26w return: lowest third,18957,4.9685,5.0305,6.6730,0.8096,-2.0740
78,서울 외,middle third,8645,5.7964,6.1528,8.1125,0.2676,-1.7280
78,서울 외,highest third,11977,8.8433,9.6280,11.3110,1.3012,-2.8950
104,서울 28,trailing 26w return: lowest third,1536,6.7927,7.3056,9.3076,-2.7931,1.5450
104,서울 28,middle third,1608,8.4648,9.3827,10.7860,-3.0007,2.3525
104,서울 28,highest third,3716,8.6444,9.5636,10.5338,-2.6070,3.2490
104,서울 외,trailing 26w return: lowest third,18002,7.9653,8.2818,10.3536,0.9893,-3.4390
104,서울 외,middle third,8033,8.1447,8.8191,10.9141,0.4193,-2.4410
104,서울 외,highest third,11805,10.9709,11.8916,13.3542,4.0561,-5.7660
