horizon,group,forecast,period,n,MAE_log_pp,MAE_simple_pp,RMSE_log_pp,bias_pred_minus_actual_pp,median_residual_actual_minus_pred_pp
13,서울 28,blend (before overlay),전체 기간,8372,0.9096,0.9268,1.3505,-0.0682,-0.0980
13,서울 28,blend (before overlay),2014-2019,4060,0.7929,0.8103,1.2598,-0.0215,-0.1105
13,서울 28,blend (before overlay),2020-2021,1316,1.2074,1.2463,1.6326,-0.5319,0.3155
13,서울 28,blend (before overlay),2022-2023,1344,0.9190,0.9013,1.3214,0.4341,-0.2715
13,서울 28,blend (before overlay),2024+,1652,0.9515,0.9792,1.3412,-0.2222,-0.0730
13,서울시 지수,blend (before overlay),전체 기간,299,0.8026,0.8162,1.1772,-0.0938,-0.0560
13,서울시 지수,blend (before overlay),2014-2019,145,0.7343,0.7501,1.1830,-0.0721,-0.0560
13,서울시 지수,blend (before overlay),2020-2021,47,1.1123,1.1466,1.4769,-0.5366,0.3570
13,서울시 지수,blend (before overlay),2022-2023,48,0.8582,0.8426,1.1564,0.4468,-0.2915
13,서울시 지수,blend (before overlay),2024+,59,0.6786,0.6940,0.8703,-0.2341,0.0570
13,서울 25개 구,blend (before overlay),전체 기간,7475,0.9198,0.9373,1.3667,-0.0671,-0.1010
13,서울 25개 구,blend (before overlay),2014-2019,3625,0.7969,0.8144,1.2655,-0.0186,-0.1140
13,서울 25개 구,blend (before overlay),2020-2021,1175,1.2175,1.2568,1.6460,-0.5280,0.3040
13,서울 25개 구,blend (before overlay),2022-2023,1200,0.9254,0.9075,1.3380,0.4316,-0.2680
13,서울 25개 구,blend (before overlay),2024+,1475,0.9800,1.0090,1.3839,-0.2248,-0.0840
13,전체,blend (before overlay),전체 기간,8372,0.9096,0.9268,1.3505,-0.0682,-0.0980
13,전체,blend (before overlay),2014-2019,4060,0.7929,0.8103,1.2598,-0.0215,-0.1105
13,전체,blend (before overlay),2020-2021,1316,1.2074,1.2463,1.6326,-0.5319,0.3155
13,전체,blend (before overlay),2022-2023,1344,0.9190,0.9013,1.3214,0.4341,-0.2715
13,전체,blend (before overlay),2024+,1652,0.9515,0.9792,1.3412,-0.2222,-0.0730
13,서울 28,final baseline,전체 기간,8372,0.8857,0.9029,1.3051,-0.1145,-0.0570
13,서울 28,final baseline,2014-2019,4060,0.7929,0.8103,1.2598,-0.0215,-0.1105
13,서울 28,final baseline,2020-2021,1316,1.1762,1.2143,1.6128,-0.5391,0.3159
13,서울 28,final baseline,2022-2023,1344,0.8018,0.7852,1.1076,-0.0593,0.1035
13,서울 28,final baseline,2024+,1652,0.9507,0.9782,1.2889,-0.0499,-0.1820
13,서울시 지수,final baseline,전체 기간,299,0.7581,0.7714,1.1211,-0.1401,-0.0131
13,서울시 지수,final baseline,2014-2019,145,0.7343,0.7501,1.1830,-0.0721,-0.0560
13,서울시 지수,final baseline,2020-2021,47,1.0604,1.0937,1.4496,-0.5439,0.3149
13,서울시 지수,final baseline,2022-2023,48,0.7319,0.7163,0.8965,-0.0466,-0.0147
13,서울시 지수,final baseline,2024+,59,0.5970,0.6116,0.7761,-0.0618,-0.0131
13,서울 25개 구,final baseline,전체 기간,7475,0.8977,0.9153,1.3220,-0.1134,-0.0580
13,서울 25개 구,final baseline,2014-2019,3625,0.7969,0.8144,1.2655,-0.0186,-0.1140
13,서울 25개 구,final baseline,2020-2021,1175,1.1878,1.2264,1.6265,-0.5352,0.3090
13,서울 25개 구,final baseline,2022-2023,1200,0.8096,0.7929,1.1286,-0.0619,0.1139
13,서울 25개 구,final baseline,2024+,1475,0.9859,1.0147,1.3332,-0.0525,-0.1988
13,전체,final baseline,전체 기간,8372,0.8857,0.9029,1.3051,-0.1145,-0.0570
13,전체,final baseline,2014-2019,4060,0.7929,0.8103,1.2598,-0.0215,-0.1105
13,전체,final baseline,2020-2021,1316,1.1762,1.2143,1.6128,-0.5391,0.3159
13,전체,final baseline,2022-2023,1344,0.8018,0.7852,1.1076,-0.0593,0.1035
13,전체,final baseline,2024+,1652,0.9507,0.9782,1.2889,-0.0499,-0.1820
26,서울 28,blend (before overlay),전체 기간,8148,2.0357,2.0996,2.7670,-0.2371,0.0325
26,서울 28,blend (before overlay),2014-2019,4032,1.7482,1.8081,2.4004,-0.1217,-0.0110
26,서울 28,blend (before overlay),2020-2021,1316,2.6915,2.8531,3.4562,-1.7566,1.5750
26,서울 28,blend (before overlay),2022-2023,1344,2.2435,2.1761,3.0398,1.6451,-1.1370
26,서울 28,blend (before overlay),2024+,1456,2.0473,2.1551,2.7499,-0.9208,0.5655
26,서울시 지수,blend (before overlay),전체 기간,291,1.9458,2.0002,2.5117,-0.2631,0.2600
26,서울시 지수,blend (before overlay),2014-2019,144,1.7677,1.8253,2.2751,-0.1711,0.2235
26,서울시 지수,blend (before overlay),2020-2021,47,2.6940,2.8521,3.2789,-1.7882,1.8830
26,서울시 지수,blend (before overlay),2022-2023,48,2.1848,2.1206,2.9004,1.7307,-1.2285
26,서울시 지수,blend (before overlay),2024+,52,1.5423,1.6032,1.8676,-0.9796,1.1195
26,서울 25개 구,blend (before overlay),전체 기간,7275,2.0450,2.1099,2.7910,-0.2355,0.0070
26,서울 25개 구,blend (before overlay),2014-2019,3600,1.7454,1.8055,2.4094,-0.1178,-0.0220
26,서울 25개 구,blend (before overlay),2020-2021,1175,2.6871,2.8485,3.4694,-1.7471,1.5530
26,서울 25개 구,blend (before overlay),2022-2023,1200,2.2487,2.1811,3.0523,1.6348,-1.1345
26,서울 25개 구,blend (before overlay),2024+,1300,2.1064,2.2195,2.8352,-0.9217,0.4595
26,전체,blend (before overlay),전체 기간,8148,2.0357,2.0996,2.7670,-0.2371,0.0325
26,전체,blend (before overlay),2014-2019,4032,1.7482,1.8081,2.4004,-0.1217,-0.0110
26,전체,blend (before overlay),2020-2021,1316,2.6915,2.8531,3.4562,-1.7566,1.5750
26,전체,blend (before overlay),2022-2023,1344,2.2435,2.1761,3.0398,1.6451,-1.1370
26,전체,blend (before overlay),2024+,1456,2.0473,2.1551,2.7499,-0.9208,0.5655
26,서울 28,final baseline,전체 기간,8148,1.9507,2.0148,2.6305,-0.3055,0.1070
26,서울 28,final baseline,2014-2019,4032,1.7482,1.8081,2.4004,-0.1217,-0.0110
26,서울 28,final baseline,2020-2021,1316,2.6605,2.8208,3.4439,-1.8262,1.5775
26,서울 28,final baseline,2022-2023,1344,1.8280,1.7676,2.4701,0.7316,-0.5224
26,서울 28,final baseline,2024+,1456,1.9834,2.0867,2.5329,-0.3975,0.1402
26,서울시 지수,final baseline,전체 기간,291,1.8182,1.8714,2.3539,-0.3315,0.3240
26,서울시 지수,final baseline,2014-2019,144,1.7677,1.8253,2.2751,-0.1711,0.2235
26,서울시 지수,final baseline,2020-2021,47,2.6383,2.7948,3.2593,-1.8578,1.8830
26,서울시 지수,final baseline,2022-2023,48,1.7917,1.7317,2.2968,0.8172,-0.5438
26,서울시 지수,final baseline,2024+,52,1.2411,1.2935,1.4847,-0.4563,0.5381
26,서울 25개 구,final baseline,전체 기간,7275,1.9643,2.0293,2.6561,-0.3039,0.0840
26,서울 25개 구,final baseline,2014-2019,3600,1.7454,1.8055,2.4094,-0.1178,-0.0220
26,서울 25개 구,final baseline,2020-2021,1175,2.6582,2.8184,3.4576,-1.8166,1.5530
26,서울 25개 구,final baseline,2022-2023,1200,1.8294,1.7690,2.4862,0.7213,-0.5246
26,서울 25개 구,final baseline,2024+,1300,2.0675,2.1764,2.6251,-0.3984,0.0815
26,전체,final baseline,전체 기간,8148,1.9507,2.0148,2.6305,-0.3055,0.1070
26,전체,final baseline,2014-2019,4032,1.7482,1.8081,2.4004,-0.1217,-0.0110
26,전체,final baseline,2020-2021,1316,2.6605,2.8208,3.4439,-1.8262,1.5775
26,전체,final baseline,2022-2023,1344,1.8280,1.7676,2.4701,0.7316,-0.5224
26,전체,final baseline,2024+,1456,1.9834,2.0867,2.5329,-0.3975,0.1402
52,서울 28,blend (before overlay),전체 기간,7812,4.0751,4.3112,5.2451,-0.9792,0.9810
52,서울 28,blend (before overlay),2014-2019,4032,3.3875,3.5997,4.1969,-1.2264,1.1955
52,서울 28,blend (before overlay),2020-2021,1316,5.5758,6.1438,6.7940,-3.5649,3.8545
52,서울 28,blend (before overlay),2022-2023,1316,4.5827,4.3933,6.1041,3.4015,-2.0835
52,서울 28,blend (before overlay),2024+,1148,4.1881,4.6154,5.4517,-2.1682,1.7210
52,서울시 지수,blend (before overlay),전체 기간,279,3.9139,4.1318,4.8652,-1.0722,1.6710
52,서울시 지수,blend (before overlay),2014-2019,144,3.3624,3.5680,3.9434,-1.4049,2.0255
52,서울시 지수,blend (before overlay),2020-2021,47,5.9104,6.5123,6.7571,-3.5440,3.8880
52,서울시 지수,blend (before overlay),2022-2023,47,4.2556,4.0796,5.9902,3.5074,-0.9990
52,서울시 지수,blend (before overlay),2024+,41,3.1701,3.4431,3.6030,-2.3198,3.0180
52,서울 25개 구,blend (before overlay),전체 기간,6975,4.0891,4.3271,5.2801,-0.9708,0.9290
52,서울 25개 구,blend (before overlay),2014-2019,3600,3.3852,3.5976,4.2162,-1.2130,1.1465
52,서울 25개 구,blend (before overlay),2020-2021,1175,5.5362,6.0997,6.7916,-3.5584,3.7840
52,서울 25개 구,blend (before overlay),2022-2023,1175,4.6129,4.4228,6.1127,3.3919,-2.1920
52,서울 25개 구,blend (before overlay),2024+,1025,4.3023,4.7473,5.6192,-2.1552,1.5450
52,서울 외,blend (before overlay),전체 기간,43121,3.8229,3.9831,5.6071,0.4049,-0.9870
52,서울 외,blend (before overlay),2014-2019,21890,2.4595,2.5342,3.3865,0.5564,-0.7520
52,서울 외,blend (before overlay),2020-2021,7379,7.6679,8.5621,9.6426,-4.8911,4.7310
52,서울 외,blend (before overlay),2022-2023,7379,5.1048,4.8820,6.8147,4.3667,-3.1080
52,서울 외,blend (before overlay),2024+,6473,2.5890,2.6383,3.4236,1.4140,-1.7710
52,전체,blend (before overlay),전체 기간,50933,3.8616,4.0334,5.5531,0.1927,-0.7780
52,전체,blend (before overlay),2014-2019,25922,2.6039,2.7000,3.5248,0.2791,-0.5760
52,전체,blend (before overlay),2020-2021,8695,7.3513,8.1961,9.2679,-4.6904,4.5620
52,전체,blend (before overlay),2022-2023,8695,5.0258,4.8080,6.7120,4.2206,-2.9940
52,전체,blend (before overlay),2024+,7621,2.8299,2.9361,3.7991,0.8744,-1.5380
52,서울 28,final baseline,전체 기간,7812,3.9332,4.1602,4.9993,-1.2565,1.2435
52,서울 28,final baseline,2014-2019,4032,3.3875,3.5997,4.1969,-1.2264,1.1955
52,서울 28,final baseline,2020-2021,1316,5.4245,5.9892,6.7173,-3.7702,3.8550
52,서울 28,final baseline,2022-2023,1316,4.1477,3.9332,5.2615,1.0153,-0.2685
52,서울 28,final baseline,2024+,1148,3.8940,4.2926,4.9753,-1.0846,0.8485
52,서울시 지수,final baseline,전체 기간,279,3.7663,3.9656,4.6030,-1.3495,2.0220
52,서울시 지수,final baseline,2014-2019,144,3.3624,3.5680,3.9434,-1.4049,2.0255
52,서울시 지수,final baseline,2020-2021,47,5.7051,6.3031,6.6593,-3.7493,3.8880
52,서울시 지수,final baseline,2022-2023,47,4.1956,3.9618,5.1896,1.1212,-0.3910
52,서울시 지수,final baseline,2024+,41,2.4700,2.6868,2.8030,-1.2362,2.1410
52,서울 25개 구,final baseline,전체 기간,6975,3.9489,4.1787,5.0355,-1.2481,1.1820
52,서울 25개 구,final baseline,2014-2019,3600,3.3852,3.5976,4.2162,-1.2130,1.1465
52,서울 25개 구,final baseline,2020-2021,1175,5.3914,5.9515,6.7170,-3.7637,3.7840
52,서울 25개 구,final baseline,2022-2023,1175,4.1426,3.9302,5.2675,1.0057,-0.2680
52,서울 25개 구,final baseline,2024+,1025,4.0531,4.4723,5.1562,-1.0715,0.7410
52,서울 외,final baseline,전체 기간,43121,3.8229,3.9831,5.6071,0.4049,-0.9870
52,서울 외,final baseline,2014-2019,21890,2.4595,2.5342,3.3865,0.5564,-0.7520
52,서울 외,final baseline,2020-2021,7379,7.6679,8.5621,9.6426,-4.8911,4.7310
52,서울 외,final baseline,2022-2023,7379,5.1048,4.8820,6.8147,4.3667,-3.1080
52,서울 외,final baseline,2024+,6473,2.5890,2.6383,3.4236,1.4140,-1.7710
52,전체,final baseline,전체 기간,50933,3.8398,4.0103,5.5182,0.1501,-0.7530
52,전체,final baseline,2014-2019,25922,2.6039,2.7000,3.5248,0.2791,-0.5760
52,전체,final baseline,2020-2021,8695,7.3284,8.1726,9.2594,-4.7215,4.5620
52,전체,final baseline,2022-2023,8695,4.9599,4.7384,6.6031,3.8595,-2.7580
52,전체,final baseline,2024+,7621,2.7856,2.8875,3.6992,1.0376,-1.5900
78,서울 28,blend (before overlay),전체 기간,7476,6.1153,6.6115,7.7681,-2.0627,1.9810
78,서울 28,blend (before overlay),2014-2019,4032,5.0858,5.5670,6.4896,-2.8996,2.3315
78,서울 28,blend (before overlay),2020-2021,1316,8.8208,9.7765,10.5883,-2.7410,4.1255
78,서울 28,blend (before overlay),2022-2023,1344,5.9174,5.7082,7.2852,3.1922,-3.0745
78,서울 28,blend (before overlay),2024+,784,7.2078,8.2188,8.9250,-5.6287,5.6330
78,서울시 지수,blend (before overlay),전체 기간,267,6.1758,6.6616,7.5742,-2.3813,2.9030
78,서울시 지수,blend (before overlay),2014-2019,144,5.2109,5.6998,6.4859,-3.2781,2.6520
78,서울시 지수,blend (before overlay),2020-2021,47,9.4335,10.4644,10.8939,-2.7035,3.9400
78,서울시 지수,blend (before overlay),2022-2023,48,5.6635,5.4498,6.8264,3.0550,-2.0750
78,서울시 지수,blend (before overlay),2024+,28,6.5479,7.3028,7.1841,-6.5479,6.3815
78,서울 25개 구,blend (before overlay),전체 기간,6675,6.1142,6.6115,7.7887,-2.0356,1.8600
78,서울 25개 구,blend (before overlay),2014-2019,3600,5.0761,5.5563,6.4907,-2.8646,2.2825
78,서울 25개 구,blend (before overlay),2020-2021,1175,8.7575,9.7044,10.5535,-2.7439,4.0900
78,서울 25개 구,blend (before overlay),2022-2023,1200,5.9422,5.7340,7.3253,3.2010,-3.1545
78,서울 25개 구,blend (before overlay),2024+,700,7.3114,8.3507,9.1031,-5.5604,5.4550
78,서울 외,blend (before overlay),전체 기간,41201,6.1833,6.5215,8.4856,0.8402,-2.1020
78,서울 외,blend (before overlay),2014-2019,21890,4.1837,4.3854,5.8390,0.4233,-1.4530
78,서울 외,blend (before overlay),2020-2021,7379,11.9740,13.4749,14.3212,-4.5664,5.9940
78,서울 외,blend (before overlay),2022-2023,7536,7.1065,6.8403,8.6421,5.8395,-5.6485
78,서울 외,blend (before overlay),2024+,4396,4.8379,4.9404,5.7260,3.4216,-4.1940
78,전체,blend (before overlay),전체 기간,48677,6.1729,6.5354,8.3794,0.3944,-1.6560
78,전체,blend (before overlay),2014-2019,25922,4.3240,4.5692,5.9449,-0.0936,-1.0560
78,전체,blend (before overlay),2020-2021,8695,11.4967,12.9151,13.8211,-4.2902,5.4430
78,전체,blend (before overlay),2022-2023,8880,6.9265,6.6689,8.4507,5.4389,-5.4015
78,전체,blend (before overlay),2024+,5180,5.1966,5.4365,6.3152,2.0518,-3.6560
78,서울 28,final baseline,전체 기간,7476,6.1153,6.6115,7.7681,-2.0627,1.9810
78,서울 28,final baseline,2014-2019,4032,5.0858,5.5670,6.4896,-2.8996,2.3315
78,서울 28,final baseline,2020-2021,1316,8.8208,9.7765,10.5883,-2.7410,4.1255
78,서울 28,final baseline,2022-2023,1344,5.9174,5.7082,7.2852,3.1922,-3.0745
78,서울 28,final baseline,2024+,784,7.2078,8.2188,8.9250,-5.6287,5.6330
78,서울시 지수,final baseline,전체 기간,267,6.1758,6.6616,7.5742,-2.3813,2.9030
78,서울시 지수,final baseline,2014-2019,144,5.2109,5.6998,6.4859,-3.2781,2.6520
78,서울시 지수,final baseline,2020-2021,47,9.4335,10.4644,10.8939,-2.7035,3.9400
78,서울시 지수,final baseline,2022-2023,48,5.6635,5.4498,6.8264,3.0550,-2.0750
78,서울시 지수,final baseline,2024+,28,6.5479,7.3028,7.1841,-6.5479,6.3815
78,서울 25개 구,final baseline,전체 기간,6675,6.1142,6.6115,7.7887,-2.0356,1.8600
78,서울 25개 구,final baseline,2014-2019,3600,5.0761,5.5563,6.4907,-2.8646,2.2825
78,서울 25개 구,final baseline,2020-2021,1175,8.7575,9.7044,10.5535,-2.7439,4.0900
78,서울 25개 구,final baseline,2022-2023,1200,5.9422,5.7340,7.3253,3.2010,-3.1545
78,서울 25개 구,final baseline,2024+,700,7.3114,8.3507,9.1031,-5.5604,5.4550
78,서울 외,final baseline,전체 기간,41201,6.1833,6.5215,8.4856,0.8402,-2.1020
78,서울 외,final baseline,2014-2019,21890,4.1837,4.3854,5.8390,0.4233,-1.4530
78,서울 외,final baseline,2020-2021,7379,11.9740,13.4749,14.3212,-4.5664,5.9940
78,서울 외,final baseline,2022-2023,7536,7.1065,6.8403,8.6421,5.8395,-5.6485
78,서울 외,final baseline,2024+,4396,4.8379,4.9404,5.7260,3.4216,-4.1940
78,전체,final baseline,전체 기간,48677,6.1729,6.5354,8.3794,0.3944,-1.6560
78,전체,final baseline,2014-2019,25922,4.3240,4.5692,5.9449,-0.0936,-1.0560
78,전체,final baseline,2020-2021,8695,11.4967,12.9151,13.8211,-4.2902,5.4430
78,전체,final baseline,2022-2023,8880,6.9265,6.6689,8.4507,5.4389,-5.4015
78,전체,final baseline,2024+,5180,5.1966,5.4365,6.3152,2.0518,-3.6560
104,서울 28,blend (before overlay),전체 기간,7168,7.9396,8.7393,10.1272,-2.5799,2.2175
104,서울 28,blend (before overlay),2014-2019,4032,7.1869,8.1036,9.4857,-5.1147,3.7890
104,서울 28,blend (before overlay),2020-2021,1316,10.2833,11.3367,12.3800,-0.0540,-0.0120
104,서울 28,blend (before overlay),2022-2023,1372,7.7585,7.7177,9.4614,3.9560,-4.2625
104,서울 28,blend (before overlay),2024+,448,8.3843,9.9589,10.3339,-7.2020,7.2270
104,서울시 지수,blend (before overlay),전체 기간,256,7.8884,8.6809,9.9686,-2.9631,3.2500
104,서울시 지수,blend (before overlay),2014-2019,144,7.3464,8.2841,9.6338,-5.6309,4.1880
104,서울시 지수,blend (before overlay),2020-2021,47,10.9636,12.1170,12.6370,0.1078,-1.8020
104,서울시 지수,blend (before overlay),2022-2023,49,6.4672,6.3457,8.3449,3.6041,-0.9150
104,서울시 지수,blend (before overlay),2024+,16,8.0864,9.3101,8.5035,-8.0864,8.1210
104,서울 25개 구,blend (before overlay),전체 기간,6400,7.9504,8.7511,10.1426,-2.5422,2.1150
104,서울 25개 구,blend (before overlay),2014-2019,3600,7.1735,8.0877,9.4697,-5.0615,3.7405
104,서울 25개 구,blend (before overlay),2020-2021,1175,10.2166,11.2598,12.3495,-0.0746,0.0190
104,서울 25개 구,blend (before overlay),2022-2023,1225,7.8982,7.8668,9.5677,3.9895,-4.5800
104,서울 25개 구,blend (before overlay),2024+,400,8.4452,10.0599,10.5137,-7.1210,7.1610
104,서울 외,blend (before overlay),전체 기간,39461,8.7238,9.2921,11.2878,1.8504,-3.7170
104,서울 외,blend (before overlay),2014-2019,21889,6.7339,7.2518,9.3801,0.0806,-2.2500
104,서울 외,blend (before overlay),2020-2021,7379,13.8081,15.4836,16.1047,-1.8451,2.7340
104,서울 외,blend (before overlay),2022-2023,7693,9.8817,9.6358,11.4280,9.1104,-9.3310
104,서울 외,blend (before overlay),2024+,2500,7.5764,7.8235,8.5672,5.9141,-7.0005
104,전체,blend (before overlay),전체 기간,46629,8.6032,9.2071,11.1173,1.1694,-2.9340
104,전체,blend (before overlay),2014-2019,25921,6.8043,7.3843,9.3966,-0.7276,-1.5610
104,전체,blend (before overlay),2020-2021,8695,13.2746,14.8559,15.5982,-1.5740,2.0970
104,전체,blend (before overlay),2022-2023,9065,9.5603,9.3455,11.1526,8.3303,-8.8300
104,전체,blend (before overlay),2024+,2948,7.6992,8.1480,8.8584,3.9209,-6.1055
104,서울 28,final baseline,전체 기간,7168,7.9396,8.7393,10.1272,-2.5799,2.2175
104,서울 28,final baseline,2014-2019,4032,7.1869,8.1036,9.4857,-5.1147,3.7890
104,서울 28,final baseline,2020-2021,1316,10.2833,11.3367,12.3800,-0.0540,-0.0120
104,서울 28,final baseline,2022-2023,1372,7.7585,7.7177,9.4614,3.9560,-4.2625
104,서울 28,final baseline,2024+,448,8.3843,9.9589,10.3339,-7.2020,7.2270
104,서울시 지수,final baseline,전체 기간,256,7.8884,8.6809,9.9686,-2.9631,3.2500
104,서울시 지수,final baseline,2014-2019,144,7.3464,8.2841,9.6338,-5.6309,4.1880
104,서울시 지수,final baseline,2020-2021,47,10.9636,12.1170,12.6370,0.1078,-1.8020
104,서울시 지수,final baseline,2022-2023,49,6.4672,6.3457,8.3449,3.6041,-0.9150
104,서울시 지수,final baseline,2024+,16,8.0864,9.3101,8.5035,-8.0864,8.1210
104,서울 25개 구,final baseline,전체 기간,6400,7.9504,8.7511,10.1426,-2.5422,2.1150
104,서울 25개 구,final baseline,2014-2019,3600,7.1735,8.0877,9.4697,-5.0615,3.7405
104,서울 25개 구,final baseline,2020-2021,1175,10.2166,11.2598,12.3495,-0.0746,0.0190
104,서울 25개 구,final baseline,2022-2023,1225,7.8982,7.8668,9.5677,3.9895,-4.5800
104,서울 25개 구,final baseline,2024+,400,8.4452,10.0599,10.5137,-7.1210,7.1610
104,서울 외,final baseline,전체 기간,39461,8.7238,9.2921,11.2878,1.8504,-3.7170
104,서울 외,final baseline,2014-2019,21889,6.7339,7.2518,9.3801,0.0806,-2.2500
104,서울 외,final baseline,2020-2021,7379,13.8081,15.4836,16.1047,-1.8451,2.7340
104,서울 외,final baseline,2022-2023,7693,9.8817,9.6358,11.4280,9.1104,-9.3310
104,서울 외,final baseline,2024+,2500,7.5764,7.8235,8.5672,5.9141,-7.0005
104,전체,final baseline,전체 기간,46629,8.6032,9.2071,11.1173,1.1694,-2.9340
104,전체,final baseline,2014-2019,25921,6.8043,7.3843,9.3966,-0.7276,-1.5610
104,전체,final baseline,2020-2021,8695,13.2746,14.8559,15.5982,-1.5740,2.0970
104,전체,final baseline,2022-2023,9065,9.5603,9.3455,11.1526,8.3303,-8.8300
104,전체,final baseline,2024+,2948,7.6992,8.1480,8.8584,3.9209,-6.1055
