comparison,horizon,group,MAE_base,MAE_cand,rel_pct,p_abs,p_sq,boot90_rel_lo,boot90_rel_hi
overlay vs raw blend,52,서울 28,4.0751,3.9332,-3.4840,0.3071,0.1939,-9.3812,1.6864
overlay vs raw blend,52,서울 외,3.8229,3.8229,0.0000,1.0000,1.0000,0.0000,0.0000
overlay vs raw blend,52,전체,3.8616,3.8398,-0.5639,0.3083,0.1949,-1.4290,0.2894
blend vs pooled historical mean,52,서울 28,5.6859,4.0751,-28.3297,0.0187,0.0063,-37.5491,-13.1964
blend vs pooled historical mean,52,서울 외,5.4245,3.8229,-29.5258,0.0003,0.0044,-38.7055,-19.7661
blend vs pooled historical mean,52,전체,5.4646,3.8616,-29.3349,0.0005,0.0035,-37.8990,-19.8517
overlay vs raw blend,78,서울 28,6.1153,6.0465,-1.1260,0.7444,0.7791,-7.1544,5.3337
overlay vs raw blend,78,서울 외,6.1833,6.1833,0.0000,1.0000,1.0000,0.0000,0.0000
overlay vs raw blend,78,전체,6.1729,6.1623,-0.1713,0.7444,0.7791,-1.0085,0.7988
blend vs pooled historical mean,78,서울 28,7.9014,6.1153,-22.6049,0.0129,0.0074,-30.7369,-11.0189
blend vs pooled historical mean,78,서울 외,7.7922,6.1833,-20.6478,0.0042,0.0040,-30.9259,-10.5289
blend vs pooled historical mean,78,전체,7.8090,6.1729,-20.9520,0.0031,0.0035,-30.2895,-11.2811
overlay vs raw blend,104,서울 28,7.9396,7.9883,0.6138,0.6660,0.8700,-1.5778,3.5760
overlay vs raw blend,104,서울 외,8.7238,8.7238,0.0000,1.0000,1.0000,0.0000,0.0000
overlay vs raw blend,104,전체,8.6032,8.6107,0.0871,0.6668,0.8707,-0.2186,0.4966
blend vs pooled historical mean,104,서울 28,9.6630,7.9396,-17.8347,0.0022,0.0065,-24.3022,-10.4121
blend vs pooled historical mean,104,서울 외,9.5619,8.7238,-8.7658,0.1632,0.0691,-18.7965,1.7475
blend vs pooled historical mean,104,전체,9.5775,8.6032,-10.1724,0.0826,0.0335,-19.5196,-0.7615
