horizon,group,n,MAE_model,bias_model,MAE_pooled_mean,bias_pooled_mean,MAE_no_change,bias_no_change,model_vs_pooled_mean_pct
52,서울 28,7896,3.9217,-1.2429,5.7480,-2.6060,7.1316,-5.3682,-31.7729
52,서울시 지수,282,3.7365,-1.3373,5.8498,-2.8638,7.3584,-5.6260,-36.1269
52,서울 25개 구,7050,3.9397,-1.2348,5.7346,-2.5781,7.1045,-5.3404,-31.2995
52,서울 외,43592,3.8163,0.4077,5.4130,1.1426,4.9030,-1.6182,-29.4978
52,전체,51488,3.8324,0.1546,5.4644,0.5678,5.2448,-2.1933,-29.8648
78,서울 28,7560,6.1509,-2.1391,7.9826,-3.5926,10.2920,-7.8509,-22.9464
78,서울시 지수,270,6.2059,-2.4536,8.0825,-3.9825,10.6287,-8.2408,-23.2177
78,서울 25개 구,6750,6.1507,-2.1126,7.9679,-3.5505,10.2525,-7.8087,-22.8056
78,서울 외,41672,6.1669,0.8421,7.7729,1.8676,7.0169,-2.3879,-20.6614
78,전체,49232,6.1644,0.3843,7.8051,1.0291,7.5199,-3.2267,-21.0203
104,서울 28,7224,7.9335,-2.6086,9.7037,-4.4613,12.8426,-10.2618,-18.2428
104,서울시 지수,258,7.8804,-2.9932,9.7418,-4.9648,13.1943,-10.7653,-19.1079
104,서울 25개 구,6450,7.9450,-2.5713,9.6915,-4.4067,12.7991,-10.2073,-18.0211
104,서울 외,39769,8.7183,1.8845,9.5516,2.6256,8.6448,-3.1680,-8.7238
104,전체,46993,8.5977,1.1938,9.5750,1.5361,9.2901,-4.2585,-10.2068
208,서울 28,5880,13.0355,-9.6591,14.4204,-11.6221,22.3629,-21.4259,-9.6038
208,서울시 지수,210,12.2302,-10.3413,13.8935,-12.5610,22.3648,-22.3648,-11.9720
208,서울 25개 구,5250,13.0959,-9.5810,14.4483,-11.5191,22.3499,-21.3228,-9.3603
208,서울 외,32240,13.5129,2.2212,11.8905,2.3159,13.0189,-7.4634,13.6449
208,전체,38120,13.4393,0.3887,12.2807,0.1660,14.4602,-9.6171,9.4340
