horizon,group,n,origins,MAE_base,MAE_selected,rel_pct,RMSE_base,RMSE_selected,bias_base,bias_selected,p_abs,boot90_rel_lo,boot90_rel_hi,rel_2020-2021,rel_2022-2023,rel_2024+,n_candidates_logged,n_tests_logged,p_raw,p_bonferroni_logged,p_bonferroni_with_prior_assumed,p_holm_this_table,evidence
52,서울 28,3864,138,4.4791,4.7480,6.0029,5.6945,5.9816,-1.2601,-1.6815,0.2882,-1.5318,14.7778,14.5538,0.0000,0.0000,32,114,0.2882,1.0000,1.0000,1.0000,exploratory
52,서울시 지수,138,138,4.1267,4.4098,6.8591,5.1610,5.5236,-1.2668,-1.7386,0.3174,-2.4603,17.0399,14.5673,0.0000,0.0000,32,114,0.3174,1.0000,1.0000,1.0000,exploratory
52,서울 25개 구,3450,138,4.5183,4.7845,5.8914,5.7464,6.0251,-1.2576,-1.6747,0.2858,-1.4554,14.5153,14.4970,0.0000,0.0000,32,114,0.2858,1.0000,1.0000,1.0000,exploratory
52,서울 외,21702,138,5.1848,5.3456,3.1024,7.1630,7.4840,0.2578,-0.1251,0.3079,-1.2924,7.2813,6.1696,0.0000,0.0000,32,114,0.3079,1.0000,1.0000,1.0000,exploratory
52,전체,25566,138,5.0781,5.2553,3.4891,6.9609,7.2769,0.0284,-0.3604,0.2994,-1.2697,8.1027,7.1089,0.0000,0.0000,32,114,0.2994,1.0000,1.0000,1.0000,exploratory
104,서울 28,3192,114,8.8766,8.9117,0.3962,10.8558,10.8784,0.5570,0.7083,0.5438,-0.8049,1.4550,0.8296,0.0000,0.0000,32,114,0.5438,1.0000,1.0000,1.0000,exploratory
104,서울시 지수,114,114,8.5549,8.5946,0.4648,10.3325,10.3597,0.3386,0.4890,0.5114,-0.8710,1.5459,0.8797,0.0000,0.0000,32,114,0.5114,1.0000,1.0000,1.0000,exploratory
104,서울 25개 구,2850,114,8.9195,8.9536,0.3823,10.9082,10.9301,0.5743,0.7260,0.5543,-0.8025,1.4407,0.8096,0.0000,0.0000,32,114,0.5543,1.0000,1.0000,1.0000,exploratory
104,서울 외,17880,114,11.1477,11.1451,-0.0239,13.2249,13.2248,4.0929,4.0381,0.8882,-0.2887,0.2878,-0.0468,0.0000,0.0000,32,114,0.8882,1.0000,1.0000,1.0000,exploratory
104,전체,21072,114,10.8037,10.8068,0.0284,12.8940,12.8968,3.5573,3.5337,0.7059,-0.0882,0.1576,0.0560,0.0000,0.0000,32,114,0.7059,1.0000,1.0000,1.0000,exploratory
208,서울 28,1876,67,8.6966,8.7140,0.2002,10.6373,10.6871,1.2895,1.7448,0.7706,0.2002,0.2002,0.2945,0.0000,,32,114,0.7706,1.0000,1.0000,1.0000,exploratory
208,서울시 지수,67,67,4.7811,4.9160,2.8221,5.9792,6.0868,1.1255,1.5700,0.1087,2.8221,2.8221,3.1847,0.0000,,32,114,0.1087,1.0000,1.0000,1.0000,exploratory
208,서울 25개 구,1675,67,9.0519,9.0605,0.0951,10.9920,11.0388,1.3005,1.7573,0.8820,0.0951,0.0951,0.1418,0.0000,,32,114,0.8820,1.0000,1.0000,1.0000,exploratory
208,서울 외,10498,67,14.6590,14.6221,-0.2513,17.4519,17.3364,11.1815,10.9562,0.4276,-0.2506,-0.2506,-0.4068,0.0000,,32,114,0.4276,1.0000,1.0000,1.0000,exploratory
208,전체,12374,67,13.7550,13.7264,-0.2081,16.5997,16.5016,9.6818,9.5597,0.3503,-0.2076,-0.2076,-0.3335,0.0000,,32,114,0.3503,1.0000,1.0000,1.0000,exploratory
78,서울 28,3528,126,7.3681,7.3465,-0.2931,9.0745,9.0556,-1.2698,-1.1790,0.5520,-1.0195,0.4499,-0.6563,0.0000,0.0000,32,114,0.5520,1.0000,1.0000,1.0000,exploratory
78,서울시 지수,126,126,7.3431,7.3186,-0.3340,8.6833,8.6651,-1.5113,-1.4218,0.5197,-1.0790,0.4440,-0.6970,0.0000,0.0000,32,114,0.5197,1.0000,1.0000,1.0000,exploratory
78,서울 25개 구,3150,126,7.3789,7.3574,-0.2909,9.1160,9.0969,-1.2532,-1.1622,0.5533,-1.0171,0.4507,-0.6570,0.0000,0.0000,32,114,0.5533,1.0000,1.0000,1.0000,exploratory
78,서울 외,19782,126,8.3615,8.3630,0.0179,10.6400,10.6605,1.3056,1.2689,0.9183,-0.2608,0.2923,0.0336,0.0000,0.0000,32,114,0.9183,1.0000,1.0000,1.0000,exploratory
78,전체,23310,126,8.2111,8.2091,-0.0243,10.4182,10.4335,0.9158,0.8984,0.8004,-0.1809,0.1326,-0.0465,0.0000,0.0000,32,114,0.8004,1.0000,1.0000,1.0000,exploratory
